{"data":{"allWordpressPage":{"edges":[{"node":{"title":"Contact","acf":{"banner":{"hero_text":"Contact","cta":"<p>Please contact us with any inquiries or comments you may have. We look forward to hearing from you and aim to respond to all messages within 24 hours Your question may already be answered on the Frequently Asked Questions Page, so be sure to check there if you haven’t already.</p>\n","image":{"alt_text":"","localFile":{"childImageSharp":{"fluid":{"aspectRatio":0.8990719257540604,"src":"/static/dbcb159115273da549e5436421901511/6d7df/contact_hero-1.jpg","srcSet":"/static/dbcb159115273da549e5436421901511/1986a/contact_hero-1.jpg 150w,\n/static/dbcb159115273da549e5436421901511/eadbd/contact_hero-1.jpg 300w,\n/static/dbcb159115273da549e5436421901511/6d7df/contact_hero-1.jpg 600w,\n/static/dbcb159115273da549e5436421901511/c274d/contact_hero-1.jpg 775w","sizes":"(max-width: 600px) 100vw, 600px"}}}}},"contact_block":{"phone_number":"702-738-0030","address":"<p>201 E. Charleston Blvd.<br />\nLas Vegas, NV 89101</p>\n","email":"contact@thepastryacademy.com","image":{"alt_text":"the schools logo and text that reads pastry academy under it","localFile":{"childImageSharp":{"fluid":{"aspectRatio":1.4714285714285715,"src":"/static/1ac2df8e3f134dd53c8ba94925b071ee/65ecc/PA-Logo.png","srcSet":"/static/1ac2df8e3f134dd53c8ba94925b071ee/08283/PA-Logo.png 150w,\n/static/1ac2df8e3f134dd53c8ba94925b071ee/fbe2f/PA-Logo.png 300w,\n/static/1ac2df8e3f134dd53c8ba94925b071ee/65ecc/PA-Logo.png 515w","sizes":"(max-width: 515px) 100vw, 515px"}}}}},"page_image":{"alt_text":"a small white cake with gold flakes on top","localFile":{"childImageSharp":{"fluid":{"aspectRatio":1,"src":"/static/cac4c4635c10f3097b245238099edb3e/6d7df/fio_cake_white.jpg","srcSet":"/static/cac4c4635c10f3097b245238099edb3e/1986a/fio_cake_white.jpg 150w,\n/static/cac4c4635c10f3097b245238099edb3e/eadbd/fio_cake_white.jpg 300w,\n/static/cac4c4635c10f3097b245238099edb3e/6d7df/fio_cake_white.jpg 600w,\n/static/cac4c4635c10f3097b245238099edb3e/8c3c8/fio_cake_white.jpg 900w,\n/static/cac4c4635c10f3097b245238099edb3e/5501e/fio_cake_white.jpg 1200w,\n/static/cac4c4635c10f3097b245238099edb3e/15043/fio_cake_white.jpg 1800w,\n/static/cac4c4635c10f3097b245238099edb3e/05b2f/fio_cake_white.jpg 2014w","sizes":"(max-width: 600px) 100vw, 600px"}}}}}}}]}},"pageContext":{"isCreatedByStatefulCreatePages":true}}