{"data":{"allWordpressPage":{"edges":[{"node":{"acf":{"banner":{"hero_text":"Enroll","cta":"<p>We look forward to seeing you in Las Vegas, NV at our first class later this year!</p>\n","image":{"localFile":{"childImageSharp":{"fluid":{"src":"/static/38a40b96a39f4773f4d6853019bee125/b4295/enroll_hero-2.jpg"}}}}},"sign_up_form":{"headding":"Enrollment Open - Apply Today","description":"<p>Please select which semester you’d like to apply to, then click the Apply Now Button. Complete and submit our online application and we will be in touch shortly.</p>\n","first_month_avaible":"October 2019","first_avaible_start_date":"Oct 10","first_avaible_end_date":"Dec 20","second_month_avaible":"January 2020","second_avaible_start_date":"Jan 6","second_avaible_end_date":"Mar 13","Third_month_avaible":"March 2020","third_avaible_start_date":"Mar 16","third_avaible_end_date":"May 22","forth_month_avaible":"May 2020","forth_avaible_start_date":"May 25","forth_avaible_end_date":"Jul 31"},"enrollment_process":{"step_1_title":"Complete Online Application","step_1_description":"<p>Join our waiting list to ensure that you are the first to know when enrollment begins. Prospective students on the waiting list will be notified of open enrollment before anyone else.</p>\n","step_2_title":"Recieve Acceptance/Re-Apply Letter","step_2_description":"<p>We will be ready to open enrollment and accept applications in June 2019. At this time, we will send you an email containing a link to the Enrollment page where you can fill out your application.</p>\n","step_3_title":"Pay Tuition Deposit","step_3_description":"<p>After receiving your Acceptance letter, you must pay your tuition 10% tuition deposit within 10 days. Follow the link above to complete that step in the process. If you do not pay your deposit within 10 days your seat is not reserved and is offered to the next person on the waiting list.</p>\n","step_4_title":"Receive Confirmation Email","step_4_description":"<p>You should receive an email from our payment processor almost immediately containing a receipt for your deposit payment. Within days of completing your payment you will recieve an email from The Pastry Academy confirming your seat has been reserved for the semester you applied to.</p>\n","step_5_title":"Pay Remaining Tuition Balance","step_5_description":"<p>After receiving your email confirming your seat has been reserved at The Pastry Academy, our Academy Coordinator will reach out to you directly with instructions on how to pay the remaining balance of your tuition. Tuition must be paid in full no later than 30 days prior to the day of your first class.</p>\n","step_6_title":"Take The Class!","step_6_description":"<p>After completing the above steps, there is nothing left to do but come to The Pastry Academy! We are excited to see you in Las Vegas, NV for our 10 week 400 hour immersive class. Our Academy Coordinator is available to help all enrolled and accepted students find housing nearby or make transportation recommendations.</p>\n","image":{"localFile":{"childImageSharp":{"fluid":{"src":"/static/4eeca3eaba6d6d034654b5f4c7be4e2c/b4295/champi_enroll.jpg"}}}}}}}}]}},"pageContext":{"isCreatedByStatefulCreatePages":true}}