{"data":{"staf":{"edges":[{"node":{"id":"9ebbd5c8-829a-5a3e-b042-4df4956a1e09","title":"Will I have the same teacher through the entire program?","acf":{"question":"Will I have the same teacher through the entire program?","answer":"<p>Yes, your main instructor will remain the same throughout your enrollment. However, some outside specialized professionals will visit the school and teach specific subjects throughout the 10-week program.</p>\n"}}},{"node":{"id":"1f0d7f15-27ad-5aa1-abb3-1b9f74d3128a","title":"Is Amaury Guichon teaching the classes?","acf":{"question":"Is Amaury Guichon teaching the classes?","answer":"<p>Chef Amaury is highly involved and will be teaching theoretical and practical classes to all enrolled students throughout the 10-week program.</p>\n"}}}]},"location":{"edges":[{"node":{"id":"81f8d8ab-268f-5070-ae1e-aeebf3411099","title":"Is the Pastry Academy easily accessible via public transportation?","acf":{"question":"Is The Pastry Academy easily accessible via public transportation?","answer":"<p>Yes, our Academy Coordinator will provide any information you will need about the nearby public transportation and how to get to and from the school easily.</p>\n"}}},{"node":{"id":"c2965167-858e-559d-b00f-332a46c9eb6c","title":"Is there parking on site if I have a car during my enrollment?","acf":{"question":"Is there parking on site if I have a car during my enrollment?","answer":"<p>Yes, there are reserved parking spots at our building that students may use during their enrollment.</p>\n"}}},{"node":{"id":"7e715708-b625-5944-9892-b62a5bd4391e","title":"Is housing provided by the Pastry Academy and included in my tuition?","acf":{"question":"Is housing provided by The Pastry Academy and included in my tuition?","answer":"<p>Currently housing arrangements are not provided by The Pastry Academy. Our Academy Coordinator will help point you in the right direction for where to live during your stay in Las Vegas.</p>\n"}}},{"node":{"id":"0f6b9a02-9e0e-53e5-98ba-151a34838b98","title":"Where is the Pastry Academy located?","acf":{"question":"Where is The Pastry Academy located?","answer":"<p>The Pastry Academy is located in the Heart of Arts District in Downtown Las Vegas, NV. Central to many entertainment locations and nearby attractions such as Fremont Street Experience and The Las Vegas Strip.</p>\n"}}}]},"academy":{"edges":[{"node":{"id":"8f43fe51-024c-5b36-b4b0-cd520423cad4","title":"Is there an age requirement to enroll in the program?","acf":{"question":"Is there an age requirement to enroll in the program?","answer":"<p>We are accepting anyone over the age of 16; however, if an applicant is under 18 years of age parental approval may be required. </p>\n"}}},{"node":{"id":"111a769a-df57-52b9-9a63-a4be5c075473","title":"Does everyone who completes the program receive a diploma/certification?","acf":{"question":"Does everyone who completes the program receive a diploma/certification?","answer":"<p>Yes, all students who complete the program receive a diploma. </p>\n"}}},{"node":{"id":"fd05f6ff-f4a6-5657-9547-71801ac85fcc","title":"Do I need to speak English in order to enroll in the program?","acf":{"question":"Do I need to speak English in order to enroll in the program?","answer":"<p>Students enrolled in The Pastry Academy are encouraged to speak either English or French in order to comprehend the materials covered in the program. However, fluency in English or French is not an enrollment requirement.</p>\n"}}},{"node":{"id":"9dd4b3ee-a37c-5ffe-a2ea-037f28ad1823","title":"How many students are in each class?","acf":{"question":"How many students are in each class?","answer":"<p>We want to give students the personal attention required to succeed and in order to do so are limiting class sizes to 16 students per teacher.</p>\n"}}},{"node":{"id":"d8aa9d80-413a-54d9-b4a3-b9c61a6f3fa6","title":"Does the Pastry Academy offer different programs for individuals at different skill levels?","acf":{"question":"Does the Pastry Academy offer different programs for individuals at different skill levels?","answer":"<p>Currently we are only offering a single 10-week intensive program. However, four times per year Chef Amaury Guichon will teach Chocolate Showpiece Classes, these classes are offered exclusively at his Pastry Academy.</p>\n"}}},{"node":{"id":"d4877c3b-a5cb-5547-9050-a663a83eed70","title":"Is the program open to individuals at all skill levels?","acf":{"question":"Is the program open to individuals at all skill levels?","answer":"<p>Yes, The Pastry Academy welcomes individual’s at all skill levels that have a passion for the world of pastries. We are interested in all applicants who want to elevate their career and grow within the pastry industry, or are looking to change careers.</p>\n"}}},{"node":{"id":"2485606a-9b72-5bc5-b165-af7d4727d93b","title":"What level should I expect to be at after completing the program?","acf":{"question":"What level should I expect to be at after completing the program?","answer":"<p>Our curriculum is an intensive 10-week program designed to teach all skills necessary to succeed in the pastry industry. The skills learned will facilitate your growth from an entry-level position to eventually becoming a Pastry Chef.</p>\n"}}},{"node":{"id":"237ba2a2-9e9f-5686-8ff3-04b7b2836189","title":"Is the diploma I receive from the Pastry Academy an official certification?","acf":{"question":"Is the diploma I receive from The Pastry Academy an official certification?","answer":"<p>Currently there is no mandatory certification or licensing required to be a pastry chef. Our diploma awarded at the completion of the program will state that you have successfully completed the Pastry Academy’s curriculum designed by Amaury Guichon, this will be recognized throughout the industry.</p>\n"}}},{"node":{"id":"dc0014af-c74b-51ce-9965-6f2f7086ffa4","title":"If I am coming from abroad do I need any special visa or entry permits?","acf":{"question":"If I am coming from abroad do I need any special visa or entry permits?","answer":"<p>Yes, you at least need a 3 month ESTA US Tourist Visa. The application process for this takes about 15 minutes and is generally approved within 72 hours. As our program is 10 weeks long you do not need anything beyond this simple to attain visa.</p>\n"}}}]},"general":{"edges":[{"node":{"id":"9536ed34-af44-5876-a144-f041e8ed2b32","title":"Do I need to bring anything with me?","acf":{"question":"Do I need to bring anything with me?","answer":"<p>After receiving your acceptance letter, our Academy Coordinator will provide you with a list of must-have items as well as suggested items to bring with you to Las Vegas.</p>\n"}}},{"node":{"id":"fec566ad-de92-51ac-a992-e0cf1eff1aa2","title":"What happens if I cannot make my class for any reason but have already reserved a seat?","acf":{"question":"What happens if I cannot make my class for any reason but have already reserved a seat?","answer":"<p>If we receive at least one month notice of your inability to attend the program, we will refund in full your tuition, less the non-refundable deposit. However, if you are unable to attend the program for program for any reason and do not give notice within the aforementioned time period, no portion of your tuition will be refunded.</p>\n"}}},{"node":{"id":"8ca0dac2-ce35-5ce7-a623-c5171e31da76","title":"Does the Pastry Academy provide lunch during the day?","acf":{"question":"Does the Pastry Academy provide lunch during the day?","answer":"<p>By default, no, the Pastry Academy does not offer lunch included with your tuition. We are partnered with catering services to offer an additional meal plan to our students if they wish to have this taken care of for them. However, there will be an allotted lunch break daily where students can go eat where they please, or eat a lunch they bring with them.</p>\n"}}},{"node":{"id":"8220b43f-dc2f-5751-a81f-d9a108e1cfa6","title":"Are vegan, vegetarian, gluten-free, and allergy-specific recipes included in the program?","acf":{"question":"Are vegan, vegetarian, gluten-free, and allergy-specific recipes included in the program?","answer":"<p>As this is an important new trend in the pastry industry, yes, we will be introducing students to this in one of the modules.</p>\n"}}},{"node":{"id":"7bbd0395-af2f-5c4c-a4b2-cf3ba6aec524","title":"What happens to all the pastries we create?","acf":{"question":"What happens to all the pastries we create?","answer":"<p>All products created during the practical application weeks can be taken home if you choose to do so. We are currently partnering with various charities and outreach programs within the Downtown Las Vegas area to set up daily donations of left over ingredients and food.</p>\n"}}},{"node":{"id":"9ccefa90-9757-556e-a902-1010bcbe97b4","title":"Will the Pastry Academy help with job placement after my graduation?","acf":{"question":"Will The Pastry Academy help with job placement after my graduation?","answer":"<p>Yes, the staff at the Pastry Academy is well connected within the pastry industry, as a result we can point you in the right direction to further your career after graduation.</p>\n"}}},{"node":{"id":"8f608c02-0660-5fba-bce6-dcac69fa82a4","title":"Does the Pastry Academy offer financial aid?","acf":{"question":" Does The Pastry Academy offer financial aid?","answer":"<p>No, The Pastry Academy does not offer any financial aid programs.</p>\n"}}},{"node":{"id":"7e87c32b-1d4e-54f2-a13a-c78426ba9542","title":"Can I pay my tuition in installments?","acf":{"question":"Can I pay my tuition in installments?","answer":"<p>No, at this time we do not offer the payment of tuition to be completed in installments. Tuition payment must be paid in full within 10 days of you receiving your acceptance letter.</p>\n"}}}]},"allWordpressPage":{"edges":[{"node":{"title":"Faq","acf":{"banner":{"hero_text":"Frequently Asked Questions","cta":"<p>Below you will find a list of our most frequently received questions; If you do not find your question listed below please do not hesitate to reach out to us directly via our contact form. </p>\n","image":{"alt_text":"","localFile":{"childImageSharp":{"fluid":{"aspectRatio":0.8494423791821561,"src":"/static/87cbf311f54e49034ac12c19e9f98332/6d7df/faq_hero.jpg","srcSet":"/static/87cbf311f54e49034ac12c19e9f98332/1986a/faq_hero.jpg 150w,\n/static/87cbf311f54e49034ac12c19e9f98332/eadbd/faq_hero.jpg 300w,\n/static/87cbf311f54e49034ac12c19e9f98332/6d7df/faq_hero.jpg 600w,\n/static/87cbf311f54e49034ac12c19e9f98332/8c3c8/faq_hero.jpg 900w,\n/static/87cbf311f54e49034ac12c19e9f98332/66a24/faq_hero.jpg 914w","sizes":"(max-width: 600px) 100vw, 600px"}}}}}}}}]}},"pageContext":{"isCreatedByStatefulCreatePages":true}}