{"data":{"allWordpressPage":{"edges":[{"node":{"title":"Enroll","acf":{"banner":{"hero_text":"Enroll","cta":"<p>We look forward to seeing you in Las Vegas, NV at our first class later this year!</p>\n","sub_hero_text":"The Pastry Academy by Amaury Guichon","sub_headding":"Classes Begin October 2019","image":{"alt_text":"cyclinder chocolate pastry decorated with gold","localFile":{"childImageSharp":{"fluid":{"src":"/static/984686085fac088e7c8ccbbc66a6adb7/b588c/enroll-hero.jpg","aspectRatio":3.619499568593615,"srcSet":"/static/984686085fac088e7c8ccbbc66a6adb7/5b12f/enroll-hero.jpg 1000w,\n/static/984686085fac088e7c8ccbbc66a6adb7/6567b/enroll-hero.jpg 2000w,\n/static/984686085fac088e7c8ccbbc66a6adb7/b588c/enroll-hero.jpg 4000w,\n/static/984686085fac088e7c8ccbbc66a6adb7/5d6ef/enroll-hero.jpg 4195w","sizes":"(max-width: 4000px) 100vw, 4000px"}}}}},"sign_up_form":{"headding":" Enrollment Opens June 2019","description":"<p>In the meantime, please join the waiting list. Individuals on the waiting list are the first to be notified of any news and will be the first to know when enrollment opens. Join the waiting list by entering your email below.</p>\n"},"enrollment_process":{"step_1_title":"Join Waiting List (Pre-Enrollment)","step_1_description":"<p>Join our waiting list to ensure that you are the first to know when enrollment begins. Prospective students on the waiting list will be notified of open enrollment before anyone else.</p>\n","step_2_title":"Receive Enrollment Notification Email","step_2_description":"<p>We will be ready to open enrollment and accept applications in June 2019. At this time, we will send you an email containing a link to the Enrollment page where you can fill out your application.</p>\n","step_3_title":"Complete Application Form","step_3_description":"<p>Complete our online application form after recieving your email notifying you that we are ready to accept applications.</p>\n","step_4_title":"Receive Acceptance/Rejection Letter","step_4_description":"<p>Within one month of receiving your completed online application, we will notify you via email if your Acceptance or Rejection to the Pastry Academy.</p>\n","step_5_title":"Pay Tuition Deposit","step_5_description":"<p>Included in your Acceptance Letter will be a link where you must pay a deposit of 10% of the tuition cost in order to reserve your seat. This deposit must be received within 7 days of receiving your acceptance letter.</p>\n","image":{"alt_text":"3 mushrooms made out of chocolate","localFile":{"childImageSharp":{"fluid":{"aspectRatio":0.6811989100817438,"src":"/static/4eeca3eaba6d6d034654b5f4c7be4e2c/c1d3a/champi_enroll.jpg","srcSet":"/static/4eeca3eaba6d6d034654b5f4c7be4e2c/9b3c4/champi_enroll.jpg 500w,\n/static/4eeca3eaba6d6d034654b5f4c7be4e2c/5b12f/champi_enroll.jpg 1000w,\n/static/4eeca3eaba6d6d034654b5f4c7be4e2c/c1d3a/champi_enroll.jpg 1250w","sizes":"(max-width: 1250px) 100vw, 1250px"}}}}}}}}]}},"pageContext":{"isCreatedByStatefulCreatePages":true}}