{"app":["/app-c7ff06d43da1bbac96e1.js"],"component---node-modules-gatsby-plugin-offline-app-shell-js":["/component---node-modules-gatsby-plugin-offline-app-shell-js-eb3e64d6621c7e4d66e0.js"],"component---src-templates-product-js":["/component---src-templates-product-js-237374f550c7fe85d93f.js"],"component---src-pages-404-js":["/component---src-pages-404-js-dee9bdbca1df5955c451.js"],"component---src-pages-contact-js":["/component---src-pages-contact-js-728b203f3e66090d6745.js"],"component---src-pages-contribute-js":["/component---src-pages-contribute-js-2c10734f895dea8e227d.js"],"component---src-pages-deposit-js":["/component---src-pages-deposit-js-5bde56faa938ba5a5c9f.js"],"component---src-pages-enroll-js":["/component---src-pages-enroll-js-8979c2074188ee740b5c.js"],"component---src-pages-enrollv-2-js":["/component---src-pages-enrollv-2-js-cb4a4013a38a5bdbeb7e.js"],"component---src-pages-faq-js":["/component---src-pages-faq-js-b9c221f7b5461729c774.js"],"component---src-pages-index-js":["/component---src-pages-index-js-aef790506836afb9079c.js"],"component---src-pages-insta-js":["/component---src-pages-insta-js-48051da56c78c8dba3ef.js"],"component---src-pages-page-2-js":["/component---src-pages-page-2-js-bc1b1e877e00e5171e66.js"],"component---src-pages-photos-js":["/component---src-pages-photos-js-00304701604a3c8cf3f2.js"],"component---src-pages-products-js":["/component---src-pages-products-js-84780c194b4750edbad1.js"],"component---src-pages-program-js":["/component---src-pages-program-js-8348e2ab1eb361ef21ee.js"],"component---src-pages-storybook-js":["/component---src-pages-storybook-js-70f81a23fc1fe9a0e45e.js"],"component---src-pages-team-js":["/component---src-pages-team-js-2b4b3852feb54af33435.js"],"pages-manifest":["/pages-manifest-770c857203e066dcf520.js"]}