{"app":["/app-c7ff06d43da1bbac96e1.js"],"component---node-modules-gatsby-plugin-offline-app-shell-js":["/component---node-modules-gatsby-plugin-offline-app-shell-js-eb3e64d6621c7e4d66e0.js"],"component---src-templates-product-js":["/component---src-templates-product-js-98de85063e8ab2d7e92e.js"],"component---src-pages-404-js":["/component---src-pages-404-js-cb984986dade6c8ed8c9.js"],"component---src-pages-contact-js":["/component---src-pages-contact-js-728b203f3e66090d6745.js"],"component---src-pages-contribute-js":["/component---src-pages-contribute-js-2c10734f895dea8e227d.js"],"component---src-pages-deposit-js":["/component---src-pages-deposit-js-f498486eba24c8273618.js"],"component---src-pages-enroll-js":["/component---src-pages-enroll-js-0f0f210f5b916f22a3aa.js"],"component---src-pages-enrollv-2-js":["/component---src-pages-enrollv-2-js-a40e2129eed38a2f85a5.js"],"component---src-pages-faq-js":["/component---src-pages-faq-js-ef9f97305235954ade2c.js"],"component---src-pages-index-js":["/component---src-pages-index-js-905f443e768cf884185d.js"],"component---src-pages-insta-js":["/component---src-pages-insta-js-f08425f08d070005ed75.js"],"component---src-pages-page-2-js":["/component---src-pages-page-2-js-23c52bd83ae73f06e33d.js"],"component---src-pages-photos-js":["/component---src-pages-photos-js-0238efdd575da151005c.js"],"component---src-pages-products-js":["/component---src-pages-products-js-84780c194b4750edbad1.js"],"component---src-pages-program-js":["/component---src-pages-program-js-8348e2ab1eb361ef21ee.js"],"component---src-pages-storybook-js":["/component---src-pages-storybook-js-9af381894b7d087b09a7.js"],"component---src-pages-team-js":["/component---src-pages-team-js-86d6932008c25ede4261.js"],"pages-manifest":["/pages-manifest-e871e597ed530707561d.js"]}