{"errors":[],"warnings":["chunk styles [mini-css-extract-plugin]\nConflicting order between:\n * css ./node_modules/css-loader??ref--12-oneOf-1-1!./node_modules/postcss-loader/lib??postcss-3!./node_modules/sass-loader/lib/loader.js??ref--12-oneOf-1-3!./src/components/layout/footer.sass\n * css ./node_modules/css-loader??ref--12-oneOf-1-1!./node_modules/postcss-loader/lib??postcss-3!./node_modules/sass-loader/lib/loader.js??ref--12-oneOf-1-3!./src/components/base.sass","chunk styles [mini-css-extract-plugin]\nConflicting order between:\n * css ./node_modules/css-loader??ref--12-oneOf-1-1!./node_modules/postcss-loader/lib??postcss-3!./node_modules/sass-loader/lib/loader.js??ref--12-oneOf-1-3!./src/components/background_banner/background_banner.sass\n * css ./node_modules/css-loader??ref--11-oneOf-1-1!./node_modules/postcss-loader/lib??postcss-2!./node_modules/react-toastify/dist/ReactToastify.css\n * css ./node_modules/css-loader??ref--11-oneOf-1-1!./node_modules/postcss-loader/lib??postcss-2!./node_modules/react-slidedown/lib/slidedown.css","chunk styles [mini-css-extract-plugin]\nConflicting order between:\n * css ./node_modules/css-loader??ref--12-oneOf-0-1!./node_modules/postcss-loader/lib??postcss-4!./node_modules/sass-loader/lib/loader.js??ref--12-oneOf-0-3!./src/components/buttonRound/buttonround.module.sass\n * css ./node_modules/css-loader??ref--11-oneOf-1-1!./node_modules/postcss-loader/lib??postcss-2!./node_modules/react-toastify/dist/ReactToastify.css\n * css ./node_modules/css-loader??ref--11-oneOf-1-1!./node_modules/postcss-loader/lib??postcss-2!./node_modules/react-slidedown/lib/slidedown.css","chunk styles [mini-css-extract-plugin]\nConflicting order between:\n * css ./node_modules/css-loader??ref--11-oneOf-1-1!./node_modules/postcss-loader/lib??postcss-2!./node_modules/react-slidedown/lib/slidedown.css\n * css ./node_modules/css-loader??ref--12-oneOf-1-1!./node_modules/postcss-loader/lib??postcss-3!./node_modules/sass-loader/lib/loader.js??ref--12-oneOf-1-3!./src/components/spacer/spacer.sass\n * css ./node_modules/css-loader??ref--12-oneOf-1-1!./node_modules/postcss-loader/lib??postcss-3!./node_modules/sass-loader/lib/loader.js??ref--12-oneOf-1-3!./src/components/page_bottom_signup/page_signup.sass\n * css ./node_modules/css-loader??ref--12-oneOf-1-1!./node_modules/postcss-loader/lib??postcss-3!./node_modules/sass-loader/lib/loader.js??ref--12-oneOf-1-3!./src/components/mc_sign_up/mc_sign_up.sass","chunk styles [mini-css-extract-plugin]\nConflicting order between:\n * css ./node_modules/css-loader??ref--12-oneOf-1-1!./node_modules/postcss-loader/lib??postcss-3!./node_modules/sass-loader/lib/loader.js??ref--12-oneOf-1-3!./src/components/mc_sign_up/mc_sign_up.sass\n * css ./node_modules/css-loader??ref--12-oneOf-1-1!./node_modules/postcss-loader/lib??postcss-3!./node_modules/sass-loader/lib/loader.js??ref--12-oneOf-1-3!./src/components/spacer/spacer.sass","chunk styles [mini-css-extract-plugin]\nConflicting order between:\n * css ./node_modules/css-loader??ref--12-oneOf-1-1!./node_modules/postcss-loader/lib??postcss-3!./node_modules/sass-loader/lib/loader.js??ref--12-oneOf-1-3!./src/components/page_bottom_signup/page_signup.sass\n * css ./node_modules/css-loader??ref--12-oneOf-1-1!./node_modules/postcss-loader/lib??postcss-3!./node_modules/sass-loader/lib/loader.js??ref--12-oneOf-1-3!./src/components/spacer/spacer.sass"],"namedChunkGroups":{"app":{"chunks":[24,0,5],"assets":["webpack-runtime-96802056cddff6043a51.js","webpack-runtime-96802056cddff6043a51.js.map","styles.6349c2e6c85af590fb70.css","styles-b2353799205cba01c643.js","styles-b2353799205cba01c643.js.map","app-c7ff06d43da1bbac96e1.js","app-c7ff06d43da1bbac96e1.js.map"],"children":{},"childAssets":{}},"component---node-modules-gatsby-plugin-offline-app-shell-js":{"chunks":[6],"assets":["component---node-modules-gatsby-plugin-offline-app-shell-js-eb3e64d6621c7e4d66e0.js","component---node-modules-gatsby-plugin-offline-app-shell-js-eb3e64d6621c7e4d66e0.js.map"],"children":{},"childAssets":{}},"component---src-templates-product-js":{"chunks":[0,1,22],"assets":["styles.6349c2e6c85af590fb70.css","styles-b2353799205cba01c643.js","styles-b2353799205cba01c643.js.map","1-3fc91c9ec1790f5c78a6.js","1-3fc91c9ec1790f5c78a6.js.map","component---src-templates-product-js-98de85063e8ab2d7e92e.js","component---src-templates-product-js-98de85063e8ab2d7e92e.js.map"],"children":{},"childAssets":{}},"component---src-pages-404-js":{"chunks":[0,1,2,7],"assets":["styles.6349c2e6c85af590fb70.css","styles-b2353799205cba01c643.js","styles-b2353799205cba01c643.js.map","1-3fc91c9ec1790f5c78a6.js","1-3fc91c9ec1790f5c78a6.js.map","2-06992c5e2c450bbe48e2.js","2-06992c5e2c450bbe48e2.js.map","component---src-pages-404-js-cb984986dade6c8ed8c9.js","component---src-pages-404-js-cb984986dade6c8ed8c9.js.map"],"children":{},"childAssets":{}},"component---src-pages-contact-js":{"chunks":[0,1,2,3,8],"assets":["styles.6349c2e6c85af590fb70.css","styles-b2353799205cba01c643.js","styles-b2353799205cba01c643.js.map","1-3fc91c9ec1790f5c78a6.js","1-3fc91c9ec1790f5c78a6.js.map","2-06992c5e2c450bbe48e2.js","2-06992c5e2c450bbe48e2.js.map","3-3fcd0c81c236117d7c77.js","3-3fcd0c81c236117d7c77.js.map","component---src-pages-contact-js-728b203f3e66090d6745.js","component---src-pages-contact-js-728b203f3e66090d6745.js.map"],"children":{},"childAssets":{}},"component---src-pages-contribute-js":{"chunks":[0,1,2,3,9],"assets":["styles.6349c2e6c85af590fb70.css","styles-b2353799205cba01c643.js","styles-b2353799205cba01c643.js.map","1-3fc91c9ec1790f5c78a6.js","1-3fc91c9ec1790f5c78a6.js.map","2-06992c5e2c450bbe48e2.js","2-06992c5e2c450bbe48e2.js.map","3-3fcd0c81c236117d7c77.js","3-3fcd0c81c236117d7c77.js.map","component---src-pages-contribute-js-2c10734f895dea8e227d.js","component---src-pages-contribute-js-2c10734f895dea8e227d.js.map"],"children":{},"childAssets":{}},"component---src-pages-deposit-js":{"chunks":[0,1,2,3,10],"assets":["styles.6349c2e6c85af590fb70.css","styles-b2353799205cba01c643.js","styles-b2353799205cba01c643.js.map","1-3fc91c9ec1790f5c78a6.js","1-3fc91c9ec1790f5c78a6.js.map","2-06992c5e2c450bbe48e2.js","2-06992c5e2c450bbe48e2.js.map","3-3fcd0c81c236117d7c77.js","3-3fcd0c81c236117d7c77.js.map","component---src-pages-deposit-js-3ae48a06e35c64dcc935.js","component---src-pages-deposit-js-3ae48a06e35c64dcc935.js.map"],"children":{},"childAssets":{}},"component---src-pages-enroll-js":{"chunks":[0,1,2,26,11],"assets":["styles.6349c2e6c85af590fb70.css","styles-b2353799205cba01c643.js","styles-b2353799205cba01c643.js.map","1-3fc91c9ec1790f5c78a6.js","1-3fc91c9ec1790f5c78a6.js.map","2-06992c5e2c450bbe48e2.js","2-06992c5e2c450bbe48e2.js.map","26-eec3a6ae24011a266df7.js","26-eec3a6ae24011a266df7.js.map","component---src-pages-enroll-js-6998c6cbdace95a205de.js","component---src-pages-enroll-js-6998c6cbdace95a205de.js.map"],"children":{},"childAssets":{}},"component---src-pages-enrollv-2-js":{"chunks":[0,1,12],"assets":["styles.6349c2e6c85af590fb70.css","styles-b2353799205cba01c643.js","styles-b2353799205cba01c643.js.map","1-3fc91c9ec1790f5c78a6.js","1-3fc91c9ec1790f5c78a6.js.map","component---src-pages-enrollv-2-js-a40e2129eed38a2f85a5.js","component---src-pages-enrollv-2-js-a40e2129eed38a2f85a5.js.map"],"children":{},"childAssets":{}},"component---src-pages-faq-js":{"chunks":[0,1,2,3,13],"assets":["styles.6349c2e6c85af590fb70.css","styles-b2353799205cba01c643.js","styles-b2353799205cba01c643.js.map","1-3fc91c9ec1790f5c78a6.js","1-3fc91c9ec1790f5c78a6.js.map","2-06992c5e2c450bbe48e2.js","2-06992c5e2c450bbe48e2.js.map","3-3fcd0c81c236117d7c77.js","3-3fcd0c81c236117d7c77.js.map","component---src-pages-faq-js-ef9f97305235954ade2c.js","component---src-pages-faq-js-ef9f97305235954ade2c.js.map"],"children":{},"childAssets":{}},"component---src-pages-index-js":{"chunks":[0,1,2,4,14],"assets":["styles.6349c2e6c85af590fb70.css","styles-b2353799205cba01c643.js","styles-b2353799205cba01c643.js.map","1-3fc91c9ec1790f5c78a6.js","1-3fc91c9ec1790f5c78a6.js.map","2-06992c5e2c450bbe48e2.js","2-06992c5e2c450bbe48e2.js.map","4-a726c646d0afb4dd20a9.js","4-a726c646d0afb4dd20a9.js.map","component---src-pages-index-js-905f443e768cf884185d.js","component---src-pages-index-js-905f443e768cf884185d.js.map"],"children":{},"childAssets":{}},"component---src-pages-insta-js":{"chunks":[0,1,2,15],"assets":["styles.6349c2e6c85af590fb70.css","styles-b2353799205cba01c643.js","styles-b2353799205cba01c643.js.map","1-3fc91c9ec1790f5c78a6.js","1-3fc91c9ec1790f5c78a6.js.map","2-06992c5e2c450bbe48e2.js","2-06992c5e2c450bbe48e2.js.map","component---src-pages-insta-js-f08425f08d070005ed75.js","component---src-pages-insta-js-f08425f08d070005ed75.js.map"],"children":{},"childAssets":{}},"component---src-pages-page-2-js":{"chunks":[0,1,2,16],"assets":["styles.6349c2e6c85af590fb70.css","styles-b2353799205cba01c643.js","styles-b2353799205cba01c643.js.map","1-3fc91c9ec1790f5c78a6.js","1-3fc91c9ec1790f5c78a6.js.map","2-06992c5e2c450bbe48e2.js","2-06992c5e2c450bbe48e2.js.map","component---src-pages-page-2-js-23c52bd83ae73f06e33d.js","component---src-pages-page-2-js-23c52bd83ae73f06e33d.js.map"],"children":{},"childAssets":{}},"component---src-pages-photos-js":{"chunks":[0,1,2,27,17],"assets":["styles.6349c2e6c85af590fb70.css","styles-b2353799205cba01c643.js","styles-b2353799205cba01c643.js.map","1-3fc91c9ec1790f5c78a6.js","1-3fc91c9ec1790f5c78a6.js.map","2-06992c5e2c450bbe48e2.js","2-06992c5e2c450bbe48e2.js.map","27-76f7878e704d87574e6f.js","27-76f7878e704d87574e6f.js.map","component---src-pages-photos-js-1c2dc61461229f01e8fa.js","component---src-pages-photos-js-1c2dc61461229f01e8fa.js.map"],"children":{},"childAssets":{}},"component---src-pages-products-js":{"chunks":[18],"assets":["component---src-pages-products-js-84780c194b4750edbad1.js","component---src-pages-products-js-84780c194b4750edbad1.js.map"],"children":{},"childAssets":{}},"component---src-pages-program-js":{"chunks":[0,1,2,4,19],"assets":["styles.6349c2e6c85af590fb70.css","styles-b2353799205cba01c643.js","styles-b2353799205cba01c643.js.map","1-3fc91c9ec1790f5c78a6.js","1-3fc91c9ec1790f5c78a6.js.map","2-06992c5e2c450bbe48e2.js","2-06992c5e2c450bbe48e2.js.map","4-a726c646d0afb4dd20a9.js","4-a726c646d0afb4dd20a9.js.map","component---src-pages-program-js-8348e2ab1eb361ef21ee.js","component---src-pages-program-js-8348e2ab1eb361ef21ee.js.map"],"children":{},"childAssets":{}},"component---src-pages-storybook-js":{"chunks":[0,1,2,25,20],"assets":["styles.6349c2e6c85af590fb70.css","styles-b2353799205cba01c643.js","styles-b2353799205cba01c643.js.map","1-3fc91c9ec1790f5c78a6.js","1-3fc91c9ec1790f5c78a6.js.map","2-06992c5e2c450bbe48e2.js","2-06992c5e2c450bbe48e2.js.map","25-e171bb4a989066ab1594.js","25-e171bb4a989066ab1594.js.map","component---src-pages-storybook-js-9af381894b7d087b09a7.js","component---src-pages-storybook-js-9af381894b7d087b09a7.js.map"],"children":{},"childAssets":{}},"component---src-pages-team-js":{"chunks":[0,1,2,3,21],"assets":["styles.6349c2e6c85af590fb70.css","styles-b2353799205cba01c643.js","styles-b2353799205cba01c643.js.map","1-3fc91c9ec1790f5c78a6.js","1-3fc91c9ec1790f5c78a6.js.map","2-06992c5e2c450bbe48e2.js","2-06992c5e2c450bbe48e2.js.map","3-3fcd0c81c236117d7c77.js","3-3fcd0c81c236117d7c77.js.map","component---src-pages-team-js-86d6932008c25ede4261.js","component---src-pages-team-js-86d6932008c25ede4261.js.map"],"children":{},"childAssets":{}},"pages-manifest":{"chunks":[23],"assets":["pages-manifest-455a192133ebfdd0a686.js","pages-manifest-455a192133ebfdd0a686.js.map"],"children":{},"childAssets":{}}},"assetsByChunkName":{"app":["webpack-runtime-96802056cddff6043a51.js","styles.6349c2e6c85af590fb70.css","styles-b2353799205cba01c643.js","app-c7ff06d43da1bbac96e1.js"],"component---node-modules-gatsby-plugin-offline-app-shell-js":["component---node-modules-gatsby-plugin-offline-app-shell-js-eb3e64d6621c7e4d66e0.js"],"component---src-templates-product-js":["styles.6349c2e6c85af590fb70.css","styles-b2353799205cba01c643.js","1-3fc91c9ec1790f5c78a6.js","component---src-templates-product-js-98de85063e8ab2d7e92e.js"],"component---src-pages-404-js":["styles.6349c2e6c85af590fb70.css","styles-b2353799205cba01c643.js","1-3fc91c9ec1790f5c78a6.js","2-06992c5e2c450bbe48e2.js","component---src-pages-404-js-cb984986dade6c8ed8c9.js"],"component---src-pages-contact-js":["styles.6349c2e6c85af590fb70.css","styles-b2353799205cba01c643.js","1-3fc91c9ec1790f5c78a6.js","2-06992c5e2c450bbe48e2.js","3-3fcd0c81c236117d7c77.js","component---src-pages-contact-js-728b203f3e66090d6745.js"],"component---src-pages-contribute-js":["styles.6349c2e6c85af590fb70.css","styles-b2353799205cba01c643.js","1-3fc91c9ec1790f5c78a6.js","2-06992c5e2c450bbe48e2.js","3-3fcd0c81c236117d7c77.js","component---src-pages-contribute-js-2c10734f895dea8e227d.js"],"component---src-pages-deposit-js":["styles.6349c2e6c85af590fb70.css","styles-b2353799205cba01c643.js","1-3fc91c9ec1790f5c78a6.js","2-06992c5e2c450bbe48e2.js","3-3fcd0c81c236117d7c77.js","component---src-pages-deposit-js-3ae48a06e35c64dcc935.js"],"component---src-pages-enroll-js":["styles.6349c2e6c85af590fb70.css","styles-b2353799205cba01c643.js","1-3fc91c9ec1790f5c78a6.js","2-06992c5e2c450bbe48e2.js","26-eec3a6ae24011a266df7.js","component---src-pages-enroll-js-6998c6cbdace95a205de.js"],"component---src-pages-enrollv-2-js":["styles.6349c2e6c85af590fb70.css","styles-b2353799205cba01c643.js","1-3fc91c9ec1790f5c78a6.js","component---src-pages-enrollv-2-js-a40e2129eed38a2f85a5.js"],"component---src-pages-faq-js":["styles.6349c2e6c85af590fb70.css","styles-b2353799205cba01c643.js","1-3fc91c9ec1790f5c78a6.js","2-06992c5e2c450bbe48e2.js","3-3fcd0c81c236117d7c77.js","component---src-pages-faq-js-ef9f97305235954ade2c.js"],"component---src-pages-index-js":["styles.6349c2e6c85af590fb70.css","styles-b2353799205cba01c643.js","1-3fc91c9ec1790f5c78a6.js","2-06992c5e2c450bbe48e2.js","4-a726c646d0afb4dd20a9.js","component---src-pages-index-js-905f443e768cf884185d.js"],"component---src-pages-insta-js":["styles.6349c2e6c85af590fb70.css","styles-b2353799205cba01c643.js","1-3fc91c9ec1790f5c78a6.js","2-06992c5e2c450bbe48e2.js","component---src-pages-insta-js-f08425f08d070005ed75.js"],"component---src-pages-page-2-js":["styles.6349c2e6c85af590fb70.css","styles-b2353799205cba01c643.js","1-3fc91c9ec1790f5c78a6.js","2-06992c5e2c450bbe48e2.js","component---src-pages-page-2-js-23c52bd83ae73f06e33d.js"],"component---src-pages-photos-js":["styles.6349c2e6c85af590fb70.css","styles-b2353799205cba01c643.js","1-3fc91c9ec1790f5c78a6.js","2-06992c5e2c450bbe48e2.js","27-76f7878e704d87574e6f.js","component---src-pages-photos-js-1c2dc61461229f01e8fa.js"],"component---src-pages-products-js":["component---src-pages-products-js-84780c194b4750edbad1.js"],"component---src-pages-program-js":["styles.6349c2e6c85af590fb70.css","styles-b2353799205cba01c643.js","1-3fc91c9ec1790f5c78a6.js","2-06992c5e2c450bbe48e2.js","4-a726c646d0afb4dd20a9.js","component---src-pages-program-js-8348e2ab1eb361ef21ee.js"],"component---src-pages-storybook-js":["styles.6349c2e6c85af590fb70.css","styles-b2353799205cba01c643.js","1-3fc91c9ec1790f5c78a6.js","2-06992c5e2c450bbe48e2.js","25-e171bb4a989066ab1594.js","component---src-pages-storybook-js-9af381894b7d087b09a7.js"],"component---src-pages-team-js":["styles.6349c2e6c85af590fb70.css","styles-b2353799205cba01c643.js","1-3fc91c9ec1790f5c78a6.js","2-06992c5e2c450bbe48e2.js","3-3fcd0c81c236117d7c77.js","component---src-pages-team-js-86d6932008c25ede4261.js"],"pages-manifest":["pages-manifest-455a192133ebfdd0a686.js"]}}