{"errors":[],"warnings":["chunk styles [mini-css-extract-plugin]\nConflicting order between:\n * css ./node_modules/css-loader??ref--12-oneOf-1-1!./node_modules/postcss-loader/lib??postcss-3!./node_modules/sass-loader/lib/loader.js??ref--12-oneOf-1-3!./src/components/layout/footer.sass\n * css ./node_modules/css-loader??ref--12-oneOf-1-1!./node_modules/postcss-loader/lib??postcss-3!./node_modules/sass-loader/lib/loader.js??ref--12-oneOf-1-3!./src/components/base.sass","chunk styles [mini-css-extract-plugin]\nConflicting order between:\n * css ./node_modules/css-loader??ref--12-oneOf-1-1!./node_modules/postcss-loader/lib??postcss-3!./node_modules/sass-loader/lib/loader.js??ref--12-oneOf-1-3!./src/components/background_banner/background_banner.sass\n * css ./node_modules/css-loader??ref--11-oneOf-1-1!./node_modules/postcss-loader/lib??postcss-2!./node_modules/react-toastify/dist/ReactToastify.css\n * css ./node_modules/css-loader??ref--11-oneOf-1-1!./node_modules/postcss-loader/lib??postcss-2!./node_modules/react-slidedown/lib/slidedown.css","chunk styles [mini-css-extract-plugin]\nConflicting order between:\n * css ./node_modules/css-loader??ref--12-oneOf-0-1!./node_modules/postcss-loader/lib??postcss-4!./node_modules/sass-loader/lib/loader.js??ref--12-oneOf-0-3!./src/components/buttonRound/buttonround.module.sass\n * css ./node_modules/css-loader??ref--11-oneOf-1-1!./node_modules/postcss-loader/lib??postcss-2!./node_modules/react-toastify/dist/ReactToastify.css\n * css ./node_modules/css-loader??ref--11-oneOf-1-1!./node_modules/postcss-loader/lib??postcss-2!./node_modules/react-slidedown/lib/slidedown.css","chunk styles [mini-css-extract-plugin]\nConflicting order between:\n * css ./node_modules/css-loader??ref--11-oneOf-1-1!./node_modules/postcss-loader/lib??postcss-2!./node_modules/react-slidedown/lib/slidedown.css\n * css ./node_modules/css-loader??ref--12-oneOf-1-1!./node_modules/postcss-loader/lib??postcss-3!./node_modules/sass-loader/lib/loader.js??ref--12-oneOf-1-3!./src/components/spacer/spacer.sass\n * css ./node_modules/css-loader??ref--12-oneOf-1-1!./node_modules/postcss-loader/lib??postcss-3!./node_modules/sass-loader/lib/loader.js??ref--12-oneOf-1-3!./src/components/page_bottom_signup/page_signup.sass\n * css ./node_modules/css-loader??ref--12-oneOf-1-1!./node_modules/postcss-loader/lib??postcss-3!./node_modules/sass-loader/lib/loader.js??ref--12-oneOf-1-3!./src/components/mc_sign_up/mc_sign_up.sass","chunk styles [mini-css-extract-plugin]\nConflicting order between:\n * css ./node_modules/css-loader??ref--12-oneOf-1-1!./node_modules/postcss-loader/lib??postcss-3!./node_modules/sass-loader/lib/loader.js??ref--12-oneOf-1-3!./src/components/mc_sign_up/mc_sign_up.sass\n * css ./node_modules/css-loader??ref--12-oneOf-1-1!./node_modules/postcss-loader/lib??postcss-3!./node_modules/sass-loader/lib/loader.js??ref--12-oneOf-1-3!./src/components/spacer/spacer.sass","chunk styles [mini-css-extract-plugin]\nConflicting order between:\n * css ./node_modules/css-loader??ref--12-oneOf-1-1!./node_modules/postcss-loader/lib??postcss-3!./node_modules/sass-loader/lib/loader.js??ref--12-oneOf-1-3!./src/components/page_bottom_signup/page_signup.sass\n * css ./node_modules/css-loader??ref--12-oneOf-1-1!./node_modules/postcss-loader/lib??postcss-3!./node_modules/sass-loader/lib/loader.js??ref--12-oneOf-1-3!./src/components/spacer/spacer.sass"],"namedChunkGroups":{"app":{"chunks":[24,0,5],"assets":["webpack-runtime-d0d8dfe721ee65b17249.js","webpack-runtime-d0d8dfe721ee65b17249.js.map","styles.c0f550603615c8a07d66.css","styles-b2353799205cba01c643.js","styles-b2353799205cba01c643.js.map","app-c7ff06d43da1bbac96e1.js","app-c7ff06d43da1bbac96e1.js.map"],"children":{},"childAssets":{}},"component---node-modules-gatsby-plugin-offline-app-shell-js":{"chunks":[6],"assets":["component---node-modules-gatsby-plugin-offline-app-shell-js-eb3e64d6621c7e4d66e0.js","component---node-modules-gatsby-plugin-offline-app-shell-js-eb3e64d6621c7e4d66e0.js.map"],"children":{},"childAssets":{}},"component---src-templates-product-js":{"chunks":[0,1,22],"assets":["styles.c0f550603615c8a07d66.css","styles-b2353799205cba01c643.js","styles-b2353799205cba01c643.js.map","1-97e341de630198c21a4d.js","1-97e341de630198c21a4d.js.map","component---src-templates-product-js-237374f550c7fe85d93f.js","component---src-templates-product-js-237374f550c7fe85d93f.js.map"],"children":{},"childAssets":{}},"component---src-pages-404-js":{"chunks":[0,1,2,7],"assets":["styles.c0f550603615c8a07d66.css","styles-b2353799205cba01c643.js","styles-b2353799205cba01c643.js.map","1-97e341de630198c21a4d.js","1-97e341de630198c21a4d.js.map","2-06992c5e2c450bbe48e2.js","2-06992c5e2c450bbe48e2.js.map","component---src-pages-404-js-dee9bdbca1df5955c451.js","component---src-pages-404-js-dee9bdbca1df5955c451.js.map"],"children":{},"childAssets":{}},"component---src-pages-contact-js":{"chunks":[0,1,2,3,8],"assets":["styles.c0f550603615c8a07d66.css","styles-b2353799205cba01c643.js","styles-b2353799205cba01c643.js.map","1-97e341de630198c21a4d.js","1-97e341de630198c21a4d.js.map","2-06992c5e2c450bbe48e2.js","2-06992c5e2c450bbe48e2.js.map","3-fd01560ee6aca734d831.js","3-fd01560ee6aca734d831.js.map","component---src-pages-contact-js-728b203f3e66090d6745.js","component---src-pages-contact-js-728b203f3e66090d6745.js.map"],"children":{},"childAssets":{}},"component---src-pages-contribute-js":{"chunks":[0,1,2,3,9],"assets":["styles.c0f550603615c8a07d66.css","styles-b2353799205cba01c643.js","styles-b2353799205cba01c643.js.map","1-97e341de630198c21a4d.js","1-97e341de630198c21a4d.js.map","2-06992c5e2c450bbe48e2.js","2-06992c5e2c450bbe48e2.js.map","3-fd01560ee6aca734d831.js","3-fd01560ee6aca734d831.js.map","component---src-pages-contribute-js-2c10734f895dea8e227d.js","component---src-pages-contribute-js-2c10734f895dea8e227d.js.map"],"children":{},"childAssets":{}},"component---src-pages-deposit-js":{"chunks":[0,1,2,3,10],"assets":["styles.c0f550603615c8a07d66.css","styles-b2353799205cba01c643.js","styles-b2353799205cba01c643.js.map","1-97e341de630198c21a4d.js","1-97e341de630198c21a4d.js.map","2-06992c5e2c450bbe48e2.js","2-06992c5e2c450bbe48e2.js.map","3-fd01560ee6aca734d831.js","3-fd01560ee6aca734d831.js.map","component---src-pages-deposit-js-5bde56faa938ba5a5c9f.js","component---src-pages-deposit-js-5bde56faa938ba5a5c9f.js.map"],"children":{},"childAssets":{}},"component---src-pages-enroll-js":{"chunks":[0,1,2,26,11],"assets":["styles.c0f550603615c8a07d66.css","styles-b2353799205cba01c643.js","styles-b2353799205cba01c643.js.map","1-97e341de630198c21a4d.js","1-97e341de630198c21a4d.js.map","2-06992c5e2c450bbe48e2.js","2-06992c5e2c450bbe48e2.js.map","26-eec3a6ae24011a266df7.js","26-eec3a6ae24011a266df7.js.map","component---src-pages-enroll-js-8979c2074188ee740b5c.js","component---src-pages-enroll-js-8979c2074188ee740b5c.js.map"],"children":{},"childAssets":{}},"component---src-pages-enrollv-2-js":{"chunks":[0,1,12],"assets":["styles.c0f550603615c8a07d66.css","styles-b2353799205cba01c643.js","styles-b2353799205cba01c643.js.map","1-97e341de630198c21a4d.js","1-97e341de630198c21a4d.js.map","component---src-pages-enrollv-2-js-cb4a4013a38a5bdbeb7e.js","component---src-pages-enrollv-2-js-cb4a4013a38a5bdbeb7e.js.map"],"children":{},"childAssets":{}},"component---src-pages-faq-js":{"chunks":[0,1,2,3,13],"assets":["styles.c0f550603615c8a07d66.css","styles-b2353799205cba01c643.js","styles-b2353799205cba01c643.js.map","1-97e341de630198c21a4d.js","1-97e341de630198c21a4d.js.map","2-06992c5e2c450bbe48e2.js","2-06992c5e2c450bbe48e2.js.map","3-fd01560ee6aca734d831.js","3-fd01560ee6aca734d831.js.map","component---src-pages-faq-js-b9c221f7b5461729c774.js","component---src-pages-faq-js-b9c221f7b5461729c774.js.map"],"children":{},"childAssets":{}},"component---src-pages-index-js":{"chunks":[0,1,2,4,14],"assets":["styles.c0f550603615c8a07d66.css","styles-b2353799205cba01c643.js","styles-b2353799205cba01c643.js.map","1-97e341de630198c21a4d.js","1-97e341de630198c21a4d.js.map","2-06992c5e2c450bbe48e2.js","2-06992c5e2c450bbe48e2.js.map","4-86b831bf9c324d256c0f.js","4-86b831bf9c324d256c0f.js.map","component---src-pages-index-js-aef790506836afb9079c.js","component---src-pages-index-js-aef790506836afb9079c.js.map"],"children":{},"childAssets":{}},"component---src-pages-insta-js":{"chunks":[0,1,2,15],"assets":["styles.c0f550603615c8a07d66.css","styles-b2353799205cba01c643.js","styles-b2353799205cba01c643.js.map","1-97e341de630198c21a4d.js","1-97e341de630198c21a4d.js.map","2-06992c5e2c450bbe48e2.js","2-06992c5e2c450bbe48e2.js.map","component---src-pages-insta-js-48051da56c78c8dba3ef.js","component---src-pages-insta-js-48051da56c78c8dba3ef.js.map"],"children":{},"childAssets":{}},"component---src-pages-page-2-js":{"chunks":[0,1,2,16],"assets":["styles.c0f550603615c8a07d66.css","styles-b2353799205cba01c643.js","styles-b2353799205cba01c643.js.map","1-97e341de630198c21a4d.js","1-97e341de630198c21a4d.js.map","2-06992c5e2c450bbe48e2.js","2-06992c5e2c450bbe48e2.js.map","component---src-pages-page-2-js-bc1b1e877e00e5171e66.js","component---src-pages-page-2-js-bc1b1e877e00e5171e66.js.map"],"children":{},"childAssets":{}},"component---src-pages-photos-js":{"chunks":[0,1,2,27,17],"assets":["styles.c0f550603615c8a07d66.css","styles-b2353799205cba01c643.js","styles-b2353799205cba01c643.js.map","1-97e341de630198c21a4d.js","1-97e341de630198c21a4d.js.map","2-06992c5e2c450bbe48e2.js","2-06992c5e2c450bbe48e2.js.map","27-76f7878e704d87574e6f.js","27-76f7878e704d87574e6f.js.map","component---src-pages-photos-js-00304701604a3c8cf3f2.js","component---src-pages-photos-js-00304701604a3c8cf3f2.js.map"],"children":{},"childAssets":{}},"component---src-pages-products-js":{"chunks":[18],"assets":["component---src-pages-products-js-84780c194b4750edbad1.js","component---src-pages-products-js-84780c194b4750edbad1.js.map"],"children":{},"childAssets":{}},"component---src-pages-program-js":{"chunks":[0,1,2,4,19],"assets":["styles.c0f550603615c8a07d66.css","styles-b2353799205cba01c643.js","styles-b2353799205cba01c643.js.map","1-97e341de630198c21a4d.js","1-97e341de630198c21a4d.js.map","2-06992c5e2c450bbe48e2.js","2-06992c5e2c450bbe48e2.js.map","4-86b831bf9c324d256c0f.js","4-86b831bf9c324d256c0f.js.map","component---src-pages-program-js-8348e2ab1eb361ef21ee.js","component---src-pages-program-js-8348e2ab1eb361ef21ee.js.map"],"children":{},"childAssets":{}},"component---src-pages-storybook-js":{"chunks":[0,1,2,25,20],"assets":["styles.c0f550603615c8a07d66.css","styles-b2353799205cba01c643.js","styles-b2353799205cba01c643.js.map","1-97e341de630198c21a4d.js","1-97e341de630198c21a4d.js.map","2-06992c5e2c450bbe48e2.js","2-06992c5e2c450bbe48e2.js.map","25-e171bb4a989066ab1594.js","25-e171bb4a989066ab1594.js.map","component---src-pages-storybook-js-70f81a23fc1fe9a0e45e.js","component---src-pages-storybook-js-70f81a23fc1fe9a0e45e.js.map"],"children":{},"childAssets":{}},"component---src-pages-team-js":{"chunks":[0,1,2,3,21],"assets":["styles.c0f550603615c8a07d66.css","styles-b2353799205cba01c643.js","styles-b2353799205cba01c643.js.map","1-97e341de630198c21a4d.js","1-97e341de630198c21a4d.js.map","2-06992c5e2c450bbe48e2.js","2-06992c5e2c450bbe48e2.js.map","3-fd01560ee6aca734d831.js","3-fd01560ee6aca734d831.js.map","component---src-pages-team-js-2b4b3852feb54af33435.js","component---src-pages-team-js-2b4b3852feb54af33435.js.map"],"children":{},"childAssets":{}},"pages-manifest":{"chunks":[23],"assets":["pages-manifest-770c857203e066dcf520.js","pages-manifest-770c857203e066dcf520.js.map"],"children":{},"childAssets":{}}},"assetsByChunkName":{"app":["webpack-runtime-d0d8dfe721ee65b17249.js","styles.c0f550603615c8a07d66.css","styles-b2353799205cba01c643.js","app-c7ff06d43da1bbac96e1.js"],"component---node-modules-gatsby-plugin-offline-app-shell-js":["component---node-modules-gatsby-plugin-offline-app-shell-js-eb3e64d6621c7e4d66e0.js"],"component---src-templates-product-js":["styles.c0f550603615c8a07d66.css","styles-b2353799205cba01c643.js","1-97e341de630198c21a4d.js","component---src-templates-product-js-237374f550c7fe85d93f.js"],"component---src-pages-404-js":["styles.c0f550603615c8a07d66.css","styles-b2353799205cba01c643.js","1-97e341de630198c21a4d.js","2-06992c5e2c450bbe48e2.js","component---src-pages-404-js-dee9bdbca1df5955c451.js"],"component---src-pages-contact-js":["styles.c0f550603615c8a07d66.css","styles-b2353799205cba01c643.js","1-97e341de630198c21a4d.js","2-06992c5e2c450bbe48e2.js","3-fd01560ee6aca734d831.js","component---src-pages-contact-js-728b203f3e66090d6745.js"],"component---src-pages-contribute-js":["styles.c0f550603615c8a07d66.css","styles-b2353799205cba01c643.js","1-97e341de630198c21a4d.js","2-06992c5e2c450bbe48e2.js","3-fd01560ee6aca734d831.js","component---src-pages-contribute-js-2c10734f895dea8e227d.js"],"component---src-pages-deposit-js":["styles.c0f550603615c8a07d66.css","styles-b2353799205cba01c643.js","1-97e341de630198c21a4d.js","2-06992c5e2c450bbe48e2.js","3-fd01560ee6aca734d831.js","component---src-pages-deposit-js-5bde56faa938ba5a5c9f.js"],"component---src-pages-enroll-js":["styles.c0f550603615c8a07d66.css","styles-b2353799205cba01c643.js","1-97e341de630198c21a4d.js","2-06992c5e2c450bbe48e2.js","26-eec3a6ae24011a266df7.js","component---src-pages-enroll-js-8979c2074188ee740b5c.js"],"component---src-pages-enrollv-2-js":["styles.c0f550603615c8a07d66.css","styles-b2353799205cba01c643.js","1-97e341de630198c21a4d.js","component---src-pages-enrollv-2-js-cb4a4013a38a5bdbeb7e.js"],"component---src-pages-faq-js":["styles.c0f550603615c8a07d66.css","styles-b2353799205cba01c643.js","1-97e341de630198c21a4d.js","2-06992c5e2c450bbe48e2.js","3-fd01560ee6aca734d831.js","component---src-pages-faq-js-b9c221f7b5461729c774.js"],"component---src-pages-index-js":["styles.c0f550603615c8a07d66.css","styles-b2353799205cba01c643.js","1-97e341de630198c21a4d.js","2-06992c5e2c450bbe48e2.js","4-86b831bf9c324d256c0f.js","component---src-pages-index-js-aef790506836afb9079c.js"],"component---src-pages-insta-js":["styles.c0f550603615c8a07d66.css","styles-b2353799205cba01c643.js","1-97e341de630198c21a4d.js","2-06992c5e2c450bbe48e2.js","component---src-pages-insta-js-48051da56c78c8dba3ef.js"],"component---src-pages-page-2-js":["styles.c0f550603615c8a07d66.css","styles-b2353799205cba01c643.js","1-97e341de630198c21a4d.js","2-06992c5e2c450bbe48e2.js","component---src-pages-page-2-js-bc1b1e877e00e5171e66.js"],"component---src-pages-photos-js":["styles.c0f550603615c8a07d66.css","styles-b2353799205cba01c643.js","1-97e341de630198c21a4d.js","2-06992c5e2c450bbe48e2.js","27-76f7878e704d87574e6f.js","component---src-pages-photos-js-00304701604a3c8cf3f2.js"],"component---src-pages-products-js":["component---src-pages-products-js-84780c194b4750edbad1.js"],"component---src-pages-program-js":["styles.c0f550603615c8a07d66.css","styles-b2353799205cba01c643.js","1-97e341de630198c21a4d.js","2-06992c5e2c450bbe48e2.js","4-86b831bf9c324d256c0f.js","component---src-pages-program-js-8348e2ab1eb361ef21ee.js"],"component---src-pages-storybook-js":["styles.c0f550603615c8a07d66.css","styles-b2353799205cba01c643.js","1-97e341de630198c21a4d.js","2-06992c5e2c450bbe48e2.js","25-e171bb4a989066ab1594.js","component---src-pages-storybook-js-70f81a23fc1fe9a0e45e.js"],"component---src-pages-team-js":["styles.c0f550603615c8a07d66.css","styles-b2353799205cba01c643.js","1-97e341de630198c21a4d.js","2-06992c5e2c450bbe48e2.js","3-fd01560ee6aca734d831.js","component---src-pages-team-js-2b4b3852feb54af33435.js"],"pages-manifest":["pages-manifest-770c857203e066dcf520.js"]}}