{"data":{"allWordpressPage":{"edges":[{"node":{"title":"Enroll","acf":{"banner":{"hero_text":"Enroll","cta":"<p>We look forward to seeing you in Las Vegas, NV at our first class later this year!</p>\n","sub_hero_text":"The Pastry Academy by Amaury Guichon","sub_headding":"Classes Begin October 2019","image":{"alt_text":"cyclinder chocolate pastry decorated with gold","localFile":{"childImageSharp":{"fluid":{"src":"/static/984686085fac088e7c8ccbbc66a6adb7/b588c/enroll-hero.jpg","aspectRatio":3.619499568593615,"srcSet":"/static/984686085fac088e7c8ccbbc66a6adb7/5b12f/enroll-hero.jpg 1000w,\n/static/984686085fac088e7c8ccbbc66a6adb7/6567b/enroll-hero.jpg 2000w,\n/static/984686085fac088e7c8ccbbc66a6adb7/b588c/enroll-hero.jpg 4000w,\n/static/984686085fac088e7c8ccbbc66a6adb7/5d6ef/enroll-hero.jpg 4195w","sizes":"(max-width: 4000px) 100vw, 4000px"}}}}},"sign_up_form":{"headding":" Enrollment Opens June 2019","description":"<p>In the meantime, please join the waiting list. Individuals on the waiting list are the first to be notified of any news and will be the first to know when enrollment opens. Join the waiting list by entering your email below.</p>\n"},"enrollment_process":{"step_1_title":"Join Waiting List (Pre-Enrollment)","step_1_description":"<p>Join our waiting list to ensure that you are the first to know when enrollment begins. Prospective students on the waiting list will be notified of open enrollment before anyone else.</p>\n","step_2_title":"Receive Enrollment Notification Email","step_2_description":"<p>We will be ready to open enrollment and accept applications in June 2019. At this time, we will send you an email containing a link to the Enrollment page where you can fill out your application.</p>\n","step_3_title":"Complete Application Form","step_3_description":"<p>Complete our online application form after recieving your email notifying you that we are ready to accept applications.</p>\n","step_4_title":"Receive Acceptance/Rejection Letter","step_4_description":"<p>Within one month of receiving your completed online application, we will notify you via email if your Acceptance or Rejection to the Pastry Academy.</p>\n","step_5_title":"Pay Tuition Deposit","step_5_description":"<p>Included in your Acceptance Letter will be a link where you must pay a deposit of 10% of the tuition cost in order to reserve your seat. This deposit must be received within 7 days of receiving your acceptance letter.</p>\n","image":{"alt_text":"3 mushrooms made out of chocolate","localFile":{"childImageSharp":{"fluid":{"aspectRatio":0.6811989100817438,"src":"/static/4eeca3eaba6d6d034654b5f4c7be4e2c/c1d3a/champi_enroll.jpg","srcSet":"/static/4eeca3eaba6d6d034654b5f4c7be4e2c/9b3c4/champi_enroll.jpg 500w,\n/static/4eeca3eaba6d6d034654b5f4c7be4e2c/5b12f/champi_enroll.jpg 1000w,\n/static/4eeca3eaba6d6d034654b5f4c7be4e2c/c1d3a/champi_enroll.jpg 1250w","sizes":"(max-width: 1250px) 100vw, 1250px"}}}}}}}},{"node":{"title":"Enrollv2","acf":{"banner":{"hero_text":"Enroll","cta":"<p>We look forward to seeing you in Las Vegas, NV at our first class later this<br />\nyear!</p>\n","sub_hero_text":null,"sub_headding":"Classes Begin October 2019","image":{"alt_text":"a chocolate log with a gold end with the schools logo on it","localFile":{"childImageSharp":{"fluid":{"src":"/static/385e1522558f6346d6aed539e1902296/0fd28/enroll_hero.jpg","aspectRatio":2.021885521885522,"srcSet":"/static/385e1522558f6346d6aed539e1902296/5b12f/enroll_hero.jpg 1000w,\n/static/385e1522558f6346d6aed539e1902296/6567b/enroll_hero.jpg 2000w,\n/static/385e1522558f6346d6aed539e1902296/0fd28/enroll_hero.jpg 2402w","sizes":"(max-width: 2402px) 100vw, 2402px"}}}}},"sign_up_form":{"headding":"Enrollment Open - Apply Today","description":"<p>Please select which semester you’d like to apply to, then click the Apply Now Button. Complete and<br />\nsubmit our online application and we will be in touch shortly.</p>\n"},"enrollment_process":{"step_1_title":"Complete Online Application","step_1_description":"<p>Join our waiting list to ensure that you are the first to know when enrollment begins. Prospective students on the waiting list will be notified of open enrollment before anyone else.</p>\n","step_2_title":"Recieve Acceptance/Re-Apply Letter","step_2_description":"<p>We will be ready to open enrollment and accept applications in June 2019. At this time, we will send you an email containing a link to the Enrollment page where you can fill out your application.</p>\n","step_3_title":"Pay Tuition Deposit","step_3_description":"<p>After receiving your Acceptance letter, you must pay your tuition 10% tuition deposit within 10 days. Follow the link above to complete that step in the process. If you do not pay your deposit within 10 days your seat is not reserved and is offered to the next person on the waiting list.</p>\n","step_4_title":"Receive Confirmation Email","step_4_description":"<p>You should receive an email from our payment processor almost immediately containing a receipt for your deposit payment. Within days of completing your payment you will recieve an email from The Pastry Academy confirming your seat has been reserved for the semester you applied to.</p>\n","step_5_title":"Pay Remaining Tuition Balance","step_5_description":"<p>After receiving your email confirming your seat has been reserved at The Pastry Academy, our Academy Coordinator will reach out to you directly with instructions on how to pay the remaining balance of your tuition. Tuition must be paid in full no later than 30 days prior to the day of your first class.</p>\n","image":{"alt_text":"3 mushrooms made out of chocolate","localFile":{"childImageSharp":{"fluid":{"aspectRatio":0.6811989100817438,"src":"/static/4eeca3eaba6d6d034654b5f4c7be4e2c/c1d3a/champi_enroll.jpg","srcSet":"/static/4eeca3eaba6d6d034654b5f4c7be4e2c/9b3c4/champi_enroll.jpg 500w,\n/static/4eeca3eaba6d6d034654b5f4c7be4e2c/5b12f/champi_enroll.jpg 1000w,\n/static/4eeca3eaba6d6d034654b5f4c7be4e2c/c1d3a/champi_enroll.jpg 1250w","sizes":"(max-width: 1250px) 100vw, 1250px"}}}}}}}}]}},"pageContext":{"isCreatedByStatefulCreatePages":true}}