{"data":{"allWordpressPage":{"edges":[{"node":{"acf":{"banner":{"hero_text":"Pay Tuition Deposit","sub_headding":"Reserve Your Seat Today ","cta":"<p>Click the button below to pay your tuition deposit and reserve your seat at The Pastry Academy by Amaury Guichon.</p>\n","image":{"localFile":{"childImageSharp":{"fluid":{"src":"/static/98a9882d286e9197849473e360fd9ea5/b4295/deposit-apple.jpg","aspectRatio":0.6336898395721925,"srcSet":"/static/98a9882d286e9197849473e360fd9ea5/127d5/deposit-apple.jpg 200w,\n/static/98a9882d286e9197849473e360fd9ea5/7ef6a/deposit-apple.jpg 400w,\n/static/98a9882d286e9197849473e360fd9ea5/b4295/deposit-apple.jpg 800w,\n/static/98a9882d286e9197849473e360fd9ea5/5501e/deposit-apple.jpg 1200w,\n/static/98a9882d286e9197849473e360fd9ea5/9f4ef/deposit-apple.jpg 1600w,\n/static/98a9882d286e9197849473e360fd9ea5/864f4/deposit-apple.jpg 1659w","sizes":"(max-width: 800px) 100vw, 800px"}}}}},"payment_card":{"headding":"Click the Button to Pay Your Deposit","description":"<p>Click the button below and pay your 10% tuition deposit. Tuition cost for the 10 week 400 hour course is $ 15,750 and your deposit to reserve your seat and confirm your enrollment is $ 1,575. As space is limited and demand is very high, deposits are non-refundable.</p>\n"},"enrollment_process":{"step_1_title":"Pay Tuition Deposit","step_1_description":"<p>After receiving your Acceptance letter, you must pay your 10% tuition deposit within 10 days. Click the button above on this page to make your deposit payment. If you do not pay your deposit within 10 days your seat is not reserved and is offered to the next person on the waiting list.</p>\n","step_2_title":"Receive Confirmation Email","step_2_description":"<p>You should receive an email from our payment processor almost immediately containing a receipt for your deposit payment. Within days of completing your payment you will recieve an email from The Pastry Academy confirming your seat has been reserved for the semester you applied to.</p>\n","step_3_title":"Pay Remaining Tuition Balance","step_3_description":"<p>After receiving your email confirming your seat has been reserved at The Pastry Academy, our Academy Coordinator will reach out to you directly with instructions on how to pay the remaining balance of your tuition. Tuition must be paid in full no later than 60 days prior to the day of your first class.</p>\n","step_4_title":"Take The Class!","step_4_description":"<p>After completing the above steps, there is nothing left to do but come to The Pastry Academy! We are excited to see you in Las Vegas, NV for our 10 week 400 hour immersive class. Our Academy Coordinator is available to help all enrolled and accepted students find housing nearby or make transportation recommendations.</p>\n","mid_page_headding":"The Next Steps","mid_page_decription":"If you are on this page, it means you’ve already officially applied to The Pastry Academy and have also received your acceptance letter. These are the next steps you can expect and plan for.","image":{"localFile":{"childImageSharp":{"fluid":{"src":"/static/053dd7ab6c4791b4bc226a27521cf747/b4295/deposit-swan.jpg","aspectRatio":0.74020397208803,"srcSet":"/static/053dd7ab6c4791b4bc226a27521cf747/127d5/deposit-swan.jpg 200w,\n/static/053dd7ab6c4791b4bc226a27521cf747/7ef6a/deposit-swan.jpg 400w,\n/static/053dd7ab6c4791b4bc226a27521cf747/b4295/deposit-swan.jpg 800w,\n/static/053dd7ab6c4791b4bc226a27521cf747/5501e/deposit-swan.jpg 1200w,\n/static/053dd7ab6c4791b4bc226a27521cf747/e6239/deposit-swan.jpg 1379w","sizes":"(max-width: 800px) 100vw, 800px"}}}}}}}}]}},"pageContext":{"isCreatedByStatefulCreatePages":true}}