{"data":{"allWordpressPage":{"edges":[{"node":{"title":"Home Page","acf":{"banner":{"hero_text":"Time to start your sweet career.","cta":"<p>Do you want to learn how to make pastries like you see in Chef Amaury Guichon’s social media and recipe book? Get a head start on your career in the pastry industry and enroll to The Pastry Academy by Amaury Guichon today.</p>\n","background_image":{"alt_text":"","localFile":{"childImageSharp":{"fluid":{"aspectRatio":4.235880398671096,"src":"/static/8870acc8d5d2ee07c817ff527d6411af/b8b6e/home_hero_bg-1.jpg","srcSet":"/static/8870acc8d5d2ee07c817ff527d6411af/5efd0/home_hero_bg-1.jpg 750w,\n/static/8870acc8d5d2ee07c817ff527d6411af/7a298/home_hero_bg-1.jpg 1500w,\n/static/8870acc8d5d2ee07c817ff527d6411af/b8b6e/home_hero_bg-1.jpg 3000w,\n/static/8870acc8d5d2ee07c817ff527d6411af/fbef1/home_hero_bg-1.jpg 4500w,\n/static/8870acc8d5d2ee07c817ff527d6411af/2d157/home_hero_bg-1.jpg 5100w","sizes":"(max-width: 3000px) 100vw, 3000px"}}}},"hero_image":{"alt_text":"","localFile":{"childImageSharp":{"fluid":{"aspectRatio":1.0016680567139282,"src":"/static/aef499af71b412b676dd5cfef56fac6a/4cc84/pa_monogram_home.png","srcSet":"/static/aef499af71b412b676dd5cfef56fac6a/fbe2f/pa_monogram_home.png 300w,\n/static/aef499af71b412b676dd5cfef56fac6a/26d9e/pa_monogram_home.png 600w,\n/static/aef499af71b412b676dd5cfef56fac6a/4cc84/pa_monogram_home.png 1200w,\n/static/aef499af71b412b676dd5cfef56fac6a/e6bcb/pa_monogram_home.png 1201w","sizes":"(max-width: 1200px) 100vw, 1200px"}}}}},"bio_section":{"title":"Head Instructor and Co-Founder","name":"Amaury Guichon","bio":"<p>Now is the time to start your sweet career. After fourteen years of devoting my life fully to the pastry industry I’ve decide to open my very first pastry school! I have spent the last three years traveling the world learning from different cultures and teaching high-level pastry skills, it is now time to do something great in the place I call home, Las Vegas. I want to put my life experience in the pastry industry to work for everyone else who would like to learn the fundamental and advanced skills of this beautiful craft with an intensive ten-week program covering all bases: pastry, plated dessert, chocolate, ice-cream, danish, bread, candy. Starting from the beginning and going all the way to more advanced skills, you will have everything you need to start your sweet new career! I look forward to meeting you.</p>\n","image":{"alt_text":"headshot of amaury guichon","localFile":{"childImageSharp":{"fluid":{"aspectRatio":1,"src":"/static/202e3c1874e3a7ba4b883a601f3368f1/b4295/amaury_headshot_web.jpg","srcSet":"/static/202e3c1874e3a7ba4b883a601f3368f1/127d5/amaury_headshot_web.jpg 200w,\n/static/202e3c1874e3a7ba4b883a601f3368f1/7ef6a/amaury_headshot_web.jpg 400w,\n/static/202e3c1874e3a7ba4b883a601f3368f1/b4295/amaury_headshot_web.jpg 800w,\n/static/202e3c1874e3a7ba4b883a601f3368f1/5501e/amaury_headshot_web.jpg 1200w","sizes":"(max-width: 800px) 100vw, 800px"}}}}},"academy_image":{"alt_text":"a man teaching a cooking class","localFile":{"childImageSharp":{"fluid":{"aspectRatio":1.5060240963855422,"src":"/static/e852e369bfe918abbc6a654c4786422b/b6d44/amaury_teaching-1.jpg","srcSet":"/static/e852e369bfe918abbc6a654c4786422b/5c3fc/amaury_teaching-1.jpg 350w,\n/static/e852e369bfe918abbc6a654c4786422b/e4b16/amaury_teaching-1.jpg 700w,\n/static/e852e369bfe918abbc6a654c4786422b/b6d44/amaury_teaching-1.jpg 1400w,\n/static/e852e369bfe918abbc6a654c4786422b/9b481/amaury_teaching-1.jpg 2100w,\n/static/e852e369bfe918abbc6a654c4786422b/fb0ef/amaury_teaching-1.jpg 2500w","sizes":"(max-width: 1400px) 100vw, 1400px"}}}},"sponsor_info":"<p>To be the best requires using the best equipment and ingredients. The Pastry Academy has partnered with many great companies to allow students to learn on the best equipment and with the highest quality ingredients.</p>\n"}}}]},"programInfo":{"edges":[{"node":{"title":"Program","acf":{"curriculum_overview":"<p>Your journey at The Pastry Academy will take you from the classroom to the kitchen where you will master the technical and practical skills necessary to create world class pastries, chocolates, danishes, confectionery, breads, and plated deserts.  Not only will you gain hands on practical knowledge, you will graduate with a thorough understanding of the chemistry and theory behind the art of pastry so that you can utilize your knowledge to create original desserts and take your career as far as you are willing to go.</p>\n","class_size":"16"}}}]},"allWordpressWpCourseWeek":{"edges":[{"node":{"id":"4fb5a082-d7fa-52cd-bb7e-07ff1e81e327"}},{"node":{"id":"3c77cdce-13d9-5dda-b985-8dd68b95ef8d"}},{"node":{"id":"b800f7df-4295-5250-9ffa-4c45211cef42"}},{"node":{"id":"76b1e597-b801-5d38-bcfb-94a824d2d1aa"}},{"node":{"id":"6ac52cbf-b6a9-567b-86a0-33850b726e35"}},{"node":{"id":"2ef6a0aa-83bb-5fcc-85b7-622b828bb055"}},{"node":{"id":"4147f2b8-3416-5019-b79e-2d0b72aae6d3"}},{"node":{"id":"bdff1787-2c9f-5c79-b9ee-f612c6bd2198"}},{"node":{"id":"98e54bca-8689-5518-842f-ed3a7bfbc1ba"}},{"node":{"id":"0023e9d9-4439-5e52-8fb7-51171a515505"}}]},"allWordpressAcfSponsor":{"edges":[{"node":{"id":"f6b217ef-f120-52dc-a452-e3508897e3aa","acf":{"order":"1","link":"https://www.polin.it","logo":{"alt_text":"Polin Group logo","localFile":{"childImageSharp":{"fluid":{"aspectRatio":1,"src":"/static/039bf9534be989360858bc1402860770/6d7df/polin_bw.jpg","srcSet":"/static/039bf9534be989360858bc1402860770/1986a/polin_bw.jpg 150w,\n/static/039bf9534be989360858bc1402860770/eadbd/polin_bw.jpg 300w,\n/static/039bf9534be989360858bc1402860770/6d7df/polin_bw.jpg 600w,\n/static/039bf9534be989360858bc1402860770/b4295/polin_bw.jpg 800w","sizes":"(max-width: 600px) 100vw, 600px"}}}}}}},{"node":{"id":"45b3ceea-7261-5762-a8e0-660eca6f16b1","acf":{"order":"10","link":"https://www.bravonorthamerica.com","logo":{"alt_text":"Bravo","localFile":{"childImageSharp":{"fluid":{"aspectRatio":1,"src":"/static/5ae30436a03a375cb0d728572c4bb573/6d7df/bravo_bw.jpg","srcSet":"/static/5ae30436a03a375cb0d728572c4bb573/1986a/bravo_bw.jpg 150w,\n/static/5ae30436a03a375cb0d728572c4bb573/eadbd/bravo_bw.jpg 300w,\n/static/5ae30436a03a375cb0d728572c4bb573/6d7df/bravo_bw.jpg 600w,\n/static/5ae30436a03a375cb0d728572c4bb573/b4295/bravo_bw.jpg 800w","sizes":"(max-width: 600px) 100vw, 600px"}}}}}}},{"node":{"id":"43d1e85f-72c5-5c52-b381-04bb41db72ab","acf":{"order":"11","link":"https://delonghi.com","logo":{"alt_text":"DeLonghi logo","localFile":{"childImageSharp":{"fluid":{"aspectRatio":1,"src":"/static/b16a83638216e95f35de8964666193ab/6d7df/delonghi.jpg","srcSet":"/static/b16a83638216e95f35de8964666193ab/1986a/delonghi.jpg 150w,\n/static/b16a83638216e95f35de8964666193ab/eadbd/delonghi.jpg 300w,\n/static/b16a83638216e95f35de8964666193ab/6d7df/delonghi.jpg 600w,\n/static/b16a83638216e95f35de8964666193ab/b4295/delonghi.jpg 800w","sizes":"(max-width: 600px) 100vw, 600px"}}}}}}},{"node":{"id":"58b76b53-8746-5e01-9c4a-2e97caa53b68","acf":{"order":"12","link":"http://www.chefrubber.com","logo":{"alt_text":"Chef Rubber logo","localFile":{"childImageSharp":{"fluid":{"aspectRatio":1,"src":"/static/91df754a19e1d30d2d966b85a2cee01c/6d7df/chef_rubber_bw.jpg","srcSet":"/static/91df754a19e1d30d2d966b85a2cee01c/1986a/chef_rubber_bw.jpg 150w,\n/static/91df754a19e1d30d2d966b85a2cee01c/eadbd/chef_rubber_bw.jpg 300w,\n/static/91df754a19e1d30d2d966b85a2cee01c/6d7df/chef_rubber_bw.jpg 600w,\n/static/91df754a19e1d30d2d966b85a2cee01c/b4295/chef_rubber_bw.jpg 800w","sizes":"(max-width: 600px) 100vw, 600px"}}}}}}},{"node":{"id":"b108229f-6ca0-59cb-b7fd-050384f95552","acf":{"order":"13","link":"https://my-vb.com","logo":{"alt_text":"Boiron Les Vergers logo","localFile":{"childImageSharp":{"fluid":{"aspectRatio":1,"src":"/static/22126ff0a2a03909481aa74b62585f71/6d7df/boiron.jpg","srcSet":"/static/22126ff0a2a03909481aa74b62585f71/1986a/boiron.jpg 150w,\n/static/22126ff0a2a03909481aa74b62585f71/eadbd/boiron.jpg 300w,\n/static/22126ff0a2a03909481aa74b62585f71/6d7df/boiron.jpg 600w,\n/static/22126ff0a2a03909481aa74b62585f71/b4295/boiron.jpg 800w","sizes":"(max-width: 600px) 100vw, 600px"}}}}}}},{"node":{"id":"d5131e64-2673-5d76-8c16-fe714657f29f","acf":{"order":"15","link":"https://www.irinoxprofessional.com/usa/","logo":{"alt_text":"irinox logo","localFile":{"childImageSharp":{"fluid":{"aspectRatio":1,"src":"/static/68c3d8ed339b97ad6b71b165a5a00171/6d7df/irinox_bw.jpg","srcSet":"/static/68c3d8ed339b97ad6b71b165a5a00171/1986a/irinox_bw.jpg 150w,\n/static/68c3d8ed339b97ad6b71b165a5a00171/eadbd/irinox_bw.jpg 300w,\n/static/68c3d8ed339b97ad6b71b165a5a00171/6d7df/irinox_bw.jpg 600w,\n/static/68c3d8ed339b97ad6b71b165a5a00171/b4295/irinox_bw.jpg 800w","sizes":"(max-width: 600px) 100vw, 600px"}}}}}}},{"node":{"id":"fa66cffe-4be0-5bff-a46d-a06eb9fdf564","acf":{"order":"16","link":"https://www.clementdesignusa.com","logo":{"alt_text":"clement design usa logo","localFile":{"childImageSharp":{"fluid":{"aspectRatio":1,"src":"/static/40388284f357bd9b3c38b6d61bc6c14c/6d7df/clement_bw.jpg","srcSet":"/static/40388284f357bd9b3c38b6d61bc6c14c/1986a/clement_bw.jpg 150w,\n/static/40388284f357bd9b3c38b6d61bc6c14c/eadbd/clement_bw.jpg 300w,\n/static/40388284f357bd9b3c38b6d61bc6c14c/6d7df/clement_bw.jpg 600w,\n/static/40388284f357bd9b3c38b6d61bc6c14c/b4295/clement_bw.jpg 800w","sizes":"(max-width: 600px) 100vw, 600px"}}}}}}},{"node":{"id":"9cfa144c-69c9-5220-b062-6664e4812ca2","acf":{"order":"17","link":"https://www.kenwoodworld.com/en-us","logo":{"alt_text":"kenwood logo","localFile":{"childImageSharp":{"fluid":{"aspectRatio":1,"src":"/static/440dc2c27a2aa09e6be1fdfb10433867/6d7df/kenwood.jpg","srcSet":"/static/440dc2c27a2aa09e6be1fdfb10433867/1986a/kenwood.jpg 150w,\n/static/440dc2c27a2aa09e6be1fdfb10433867/eadbd/kenwood.jpg 300w,\n/static/440dc2c27a2aa09e6be1fdfb10433867/6d7df/kenwood.jpg 600w,\n/static/440dc2c27a2aa09e6be1fdfb10433867/b4295/kenwood.jpg 800w","sizes":"(max-width: 600px) 100vw, 600px"}}}}}}},{"node":{"id":"092a3eb9-a667-5a10-befd-81530592ea37","acf":{"order":"18","link":"http://www.robot-coupe.com/en-usa/","logo":{"alt_text":"robot coupe logo","localFile":{"childImageSharp":{"fluid":{"aspectRatio":1,"src":"/static/2cb76596f4b91cd446d51df5c4a33f97/6d7df/robot_coupe_logo.jpg","srcSet":"/static/2cb76596f4b91cd446d51df5c4a33f97/1986a/robot_coupe_logo.jpg 150w,\n/static/2cb76596f4b91cd446d51df5c4a33f97/eadbd/robot_coupe_logo.jpg 300w,\n/static/2cb76596f4b91cd446d51df5c4a33f97/6d7df/robot_coupe_logo.jpg 600w","sizes":"(max-width: 600px) 100vw, 600px"}}}}}}},{"node":{"id":"cd2ea901-fe57-5c15-92bf-4dd97d0eb0fa","acf":{"order":"2","link":"https://www.probake.com","logo":{"alt_text":"probake logo","localFile":{"childImageSharp":{"fluid":{"aspectRatio":1,"src":"/static/93d6990c61c67c29e927db3ad901c962/6d7df/probake_bw.jpg","srcSet":"/static/93d6990c61c67c29e927db3ad901c962/1986a/probake_bw.jpg 150w,\n/static/93d6990c61c67c29e927db3ad901c962/eadbd/probake_bw.jpg 300w,\n/static/93d6990c61c67c29e927db3ad901c962/6d7df/probake_bw.jpg 600w,\n/static/93d6990c61c67c29e927db3ad901c962/b4295/probake_bw.jpg 800w","sizes":"(max-width: 600px) 100vw, 600px"}}}}}}},{"node":{"id":"da47da5c-8789-5f0c-80ea-4f370dd897e2","acf":{"order":"3","link":"https://www.matferbourgeatusa.com","logo":{"alt_text":"Matfer logo","localFile":{"childImageSharp":{"fluid":{"aspectRatio":1,"src":"/static/23a3d90ec06b22b9ce2bbe2c7a60ab7f/6d7df/mafter_bw.jpg","srcSet":"/static/23a3d90ec06b22b9ce2bbe2c7a60ab7f/1986a/mafter_bw.jpg 150w,\n/static/23a3d90ec06b22b9ce2bbe2c7a60ab7f/eadbd/mafter_bw.jpg 300w,\n/static/23a3d90ec06b22b9ce2bbe2c7a60ab7f/6d7df/mafter_bw.jpg 600w,\n/static/23a3d90ec06b22b9ce2bbe2c7a60ab7f/b4295/mafter_bw.jpg 800w","sizes":"(max-width: 600px) 100vw, 600px"}}}}}}},{"node":{"id":"46dd5b58-8761-5789-9e4e-8c4ba665e8c3","acf":{"order":"4","link":"https://www.pomati.it","logo":{"alt_text":"Promati logo","localFile":{"childImageSharp":{"fluid":{"aspectRatio":1,"src":"/static/520c40fecefe699c60c702233059d044/6d7df/pomati_bw.jpg","srcSet":"/static/520c40fecefe699c60c702233059d044/1986a/pomati_bw.jpg 150w,\n/static/520c40fecefe699c60c702233059d044/eadbd/pomati_bw.jpg 300w,\n/static/520c40fecefe699c60c702233059d044/6d7df/pomati_bw.jpg 600w,\n/static/520c40fecefe699c60c702233059d044/b4295/pomati_bw.jpg 800w","sizes":"(max-width: 600px) 100vw, 600px"}}}}}}},{"node":{"id":"80eb355c-458e-5f71-9b1e-9cfef2e507aa","acf":{"order":"5","link":"https://silikomart.com","logo":{"alt_text":"Siliko Mart logo","localFile":{"childImageSharp":{"fluid":{"aspectRatio":1,"src":"/static/5f6109cc06d84306639ee443f9dcb443/6d7df/siliko_mart.jpg","srcSet":"/static/5f6109cc06d84306639ee443f9dcb443/1986a/siliko_mart.jpg 150w,\n/static/5f6109cc06d84306639ee443f9dcb443/eadbd/siliko_mart.jpg 300w,\n/static/5f6109cc06d84306639ee443f9dcb443/6d7df/siliko_mart.jpg 600w,\n/static/5f6109cc06d84306639ee443f9dcb443/b4295/siliko_mart.jpg 800w","sizes":"(max-width: 600px) 100vw, 600px"}}}}}}},{"node":{"id":"2d125bdd-a72a-56cf-b60b-7f01473a680c","acf":{"order":"7","link":"https://www.bamix.com","logo":{"alt_text":"Bamix logo","localFile":{"childImageSharp":{"fluid":{"aspectRatio":1,"src":"/static/9ec53701bed3296af635b663790c3c3f/6d7df/bamix.jpg","srcSet":"/static/9ec53701bed3296af635b663790c3c3f/1986a/bamix.jpg 150w,\n/static/9ec53701bed3296af635b663790c3c3f/eadbd/bamix.jpg 300w,\n/static/9ec53701bed3296af635b663790c3c3f/6d7df/bamix.jpg 600w,\n/static/9ec53701bed3296af635b663790c3c3f/b4295/bamix.jpg 800w","sizes":"(max-width: 600px) 100vw, 600px"}}}}}}},{"node":{"id":"85fd8897-39df-5161-b541-dc510e86bc63","acf":{"order":"8","link":"https://pregelamerica.com","logo":{"alt_text":"pregel logo","localFile":{"childImageSharp":{"fluid":{"aspectRatio":1,"src":"/static/6ca6f87da20234ae28b2ff1536aed37e/6d7df/pregel_2.jpg","srcSet":"/static/6ca6f87da20234ae28b2ff1536aed37e/1986a/pregel_2.jpg 150w,\n/static/6ca6f87da20234ae28b2ff1536aed37e/eadbd/pregel_2.jpg 300w,\n/static/6ca6f87da20234ae28b2ff1536aed37e/6d7df/pregel_2.jpg 600w,\n/static/6ca6f87da20234ae28b2ff1536aed37e/b4295/pregel_2.jpg 800w","sizes":"(max-width: 600px) 100vw, 600px"}}}}}}},{"node":{"id":"9f5bc924-cb27-5a02-ab75-77cd4004e4fb","acf":{"order":"9","link":"https://www.cesarin.it","logo":{"alt_text":"Cesarin logo","localFile":{"childImageSharp":{"fluid":{"aspectRatio":1,"src":"/static/e2c640ef55bbeeb4a4840beb4e3decd1/6d7df/cesarin_bw.jpg","srcSet":"/static/e2c640ef55bbeeb4a4840beb4e3decd1/1986a/cesarin_bw.jpg 150w,\n/static/e2c640ef55bbeeb4a4840beb4e3decd1/eadbd/cesarin_bw.jpg 300w,\n/static/e2c640ef55bbeeb4a4840beb4e3decd1/6d7df/cesarin_bw.jpg 600w,\n/static/e2c640ef55bbeeb4a4840beb4e3decd1/b4295/cesarin_bw.jpg 800w","sizes":"(max-width: 600px) 100vw, 600px"}}}}}}}]}},"pageContext":{"isCreatedByStatefulCreatePages":true}}