{"data":{"allWordpressPage":{"edges":[{"node":{"acf":{"banner":{"hero_text":"Give the gift of a fullfilling career.","cta":"<p>The Pastry Academy accepts donations of any amount and uses 100% of the proceeds to help as many students in need as possible make their dream a reality. Your donation will directly impact students and enrich their life. Contact us if you have any questions or need a receipt.</p>\n","image":{"alt_text":"two eggs sitting on gold nests","localFile":{"childImageSharp":{"fluid":{"aspectRatio":0.8196573489630298,"src":"/static/fee0051bef9c22ff9e9b4ce47184d3a7/f5fc3/contribute_hero.jpg","srcSet":"/static/fee0051bef9c22ff9e9b4ce47184d3a7/5efd0/contribute_hero.jpg 750w,\n/static/fee0051bef9c22ff9e9b4ce47184d3a7/f5fc3/contribute_hero.jpg 909w","sizes":"(max-width: 909px) 100vw, 909px"}}}}},"donation_text":"The entirety of your donation will be applied towards the tuition of a student in need. The Pastry Academy provides housing for the duration of the program for any student who's tuition is paid by donations.","donation_title":"Donate Today And Make A Difference","page_image":{"alt_text":"carmal covered almonds","localFile":{"childImageSharp":{"fluid":{"aspectRatio":1.7787307032590052,"src":"/static/cd15ca9198c2ab1c715fd5a5661fc67e/7a298/almond_contribute_bg.jpg","srcSet":"/static/cd15ca9198c2ab1c715fd5a5661fc67e/f4c4f/almond_contribute_bg.jpg 375w,\n/static/cd15ca9198c2ab1c715fd5a5661fc67e/5efd0/almond_contribute_bg.jpg 750w,\n/static/cd15ca9198c2ab1c715fd5a5661fc67e/7a298/almond_contribute_bg.jpg 1500w,\n/static/cd15ca9198c2ab1c715fd5a5661fc67e/89020/almond_contribute_bg.jpg 2074w","sizes":"(max-width: 1500px) 100vw, 1500px"}}}},"contribute_statistics_header":"The Difference Made","contribute_statistics_parapgraph":"We are proud to share with you how donations like yours have positively impacted the lives of our students.","donation_balance":"1250","tuition_price":"15750"}}}]}},"pageContext":{"isCreatedByStatefulCreatePages":true}}