{"data":{"wordpressAcfProduct":{"wordpress_id":581,"acf":{"main_image":{"localFile":{"childImageSharp":{"fluid":{"src":"/static/5135f69fc277980029d7ac1fbb1ee1a7/b4295/red-pink.jpg"}}}},"more_images":null,"product_description":"<p>lorem lorem lorem lorem lorem lorem lorem lorem lorem lorem lorem lorem lorem lorem lorem lorem lorem lorem </p>\n","in_stock":true,"show_in_store":true,"price":"1","variable_product":"No: no","colors":null,"sizes":null}}},"pageContext":{"isCreatedByStatefulCreatePages":false,"slug":581}}