{"data":{"wordpressAcfProduct":{"wordpress_id":580,"acf":{"main_image":{"localFile":{"childImageSharp":{"fluid":{"src":"/static/97d132a71094263c725c1c3fad287ef0/b4295/wheel-1.jpg"}}}},"more_images":[{"localFile":{"childImageSharp":{"fluid":{"src":"/static/aa831416f5d6bfda1bf830d31c170ea2/b4295/scap.jpg"}}}},{"localFile":{"childImageSharp":{"fluid":{"src":"/static/c5c49eea4dc9b5abb39ebfafd8656b83/b4295/coffee_clock-1.jpg"}}}},{"localFile":{"childImageSharp":{"fluid":{"src":"/static/43e5c7c031d09a0a88c7056db854b094/b4295/compass_3-1.jpg"}}}},{"localFile":{"childImageSharp":{"fluid":{"src":"/static/1bfe9ce4dc36f948a893dddd8d84ea41/b4295/rose.jpg"}}}}],"product_description":"<p>lorem lorem lorem lorem lorem lorem lorem lorem lorem lorem lorem lorem lorem lorem lorem lorem lorem lorem lorem lorem lorem </p>\n","in_stock":true,"show_in_store":true,"price":"39","variable_product":"Yes both color and size","colors":[{"color":"red"},{"color":"blue"}],"sizes":[{"size":"xl"},{"size":"small"}]}}},"pageContext":{"isCreatedByStatefulCreatePages":false,"slug":580}}