{"data":{"allWordpressWpCourseWeek":{"edges":[{"node":{"title":"Week One","id":"0023e9d9-4439-5e52-8fb7-51171a515505","acf":{"week_focus":"Basics","summary":"<p>Welcome! We are excited for this journey together. We will start the course getting to know pastry, ingredients, theory, and basic kitchen skills including food prep, knife skills, piping, scaling, decor, and sanitation/cleaning in a professional setting.</p>\n"}}},{"node":{"title":"Week Two","id":"98e54bca-8689-5518-842f-ed3a7bfbc1ba","acf":{"week_focus":"Petits Fours","summary":"<p>Roughly translated to “small cake“, this is a great place to test out your new skills! We will explore a range of traditional and modern techniques as well as the varied textures these pastries range in. From the crispy meringues and sables, to the softer financiers and madeleines. An emphasis is put on mastering the macaroon during this module. During this time we will work on many different varieties and styles of filling as well.</p>\n"}}},{"node":{"title":"Week Three","id":"bdff1787-2c9f-5c79-b9ee-f612c6bd2198","acf":{"week_focus":"Breads & Breakfast Pastries","summary":"<p>A staple in every culture, bread has shaped our world for centuries. The module will begin with an extensive Theory of Bread lesson, where the science of baking will be covered in depth: ingredients, mixing, fermentation, and the entire baking process. From flakey croissants to crusty, rustic sourdough loaves the possibilities are endless! French baguettes, focaccias, rye breads, danishes, croissants in various flavors, and brioche are just to name a few highlights of the bread and breakfast pastries module.</p>\n"}}},{"node":{"title":"Week Four","id":"4147f2b8-3416-5019-b79e-2d0b72aae6d3","acf":{"week_focus":"Tartes & Gateaux De Voyage","summary":"<p>Pies and Pound Cakes! Both traditional and modern approaches will be explored on these two pastry types. At this time of the program we begin to let our creativity flow. We will learn a handful of different dough variations. During this time we will also overcome the challenges of puff pastry! Parisian Flan, chocolate tarte, apple tatin and vanilla mille feuilles are some of our favorites during this module, but you never know which pound cake will “take the cake” with the expansive flavor and decor possibilities.</p>\n"}}},{"node":{"title":"Week Five","id":"2ef6a0aa-83bb-5fcc-85b7-622b828bb055","acf":{"week_focus":"Plated Desserts","summary":"<p>During the first portion of this module we will touch on classic bistrot desserts such as souffle, flan, molten cake, creme brulee. Diving deeper we expand with more contemporary plated desserts with emphasis on textures, temperatures and technique. An introduction to sugar decor is presented at this time as well.</p>\n"}}},{"node":{"title":"Week Six","id":"6ac52cbf-b6a9-567b-86a0-33850b726e35","acf":{"week_focus":"Classic & Contemporary Cakes","summary":"<p>Sponges, creams, mouse, fillings and glazes are the main components to build a pastry. An introduction will be made to alternative ingredients (ex: low-sugar, gluten free....). Paris brest, assorted eclairs, fraisier, charlotte, pavlova, and baba are some of the delicious friends we will make this week.</p>\n"}}},{"node":{"title":"Week Seven","id":"76b1e597-b801-5d38-bcfb-94a824d2d1aa","acf":{"week_focus":"Sugar Confections","summary":"<p>The fundamentals of cooking sugar are the base of this module. Nougat, various marshmallows, caramel, gummies and other confections are covered.</p>\n"}}},{"node":{"title":"Week Eight","id":"b800f7df-4295-5250-9ffa-4c45211cef42","acf":{"week_focus":"Chocolate","summary":"<p>In this module we learn how to work with the highest quality chocolate to produce amazing results. You will learn different tempering techniques. From there we go into production mode and make colorful molds, truffles, and enrobed varieties. We educate both towards smaller, hand dipped production to large scale enrobing production. Chocolate decor is introduced at this time as well.</p>\n"}}},{"node":{"title":"Week Nine","id":"3c77cdce-13d9-5dda-b985-8dd68b95ef8d","acf":{"week_focus":"Ice Cream","summary":"<p>Science and theory are the base of any great ice cream. Gums and stabilizers are part of the equation too, but how do they fit in? We will show you the range and varieties of ice cream and sorbet flavors and textures. Ice cream cakes will be built during this module as well. Presentation and storage techniques are highlighted during this time.</p>\n"}}},{"node":{"title":"Week Ten","id":"4fb5a082-d7fa-52cd-bb7e-07ff1e81e327","acf":{"week_focus":"Creative Pastry With Amaury Guichon","summary":"<p>During this last week, you will be creating an epic buffet, encompassing all of the modules taught throughout the program. We will be highlighting Chef Amaury’s unique and creative way of seeing and approaching pastry. During this very special week we will celebrate pastry and your accomplishments over the past nine weeks with us!</p>\n"}}}]},"allWordpressPage":{"edges":[{"node":{"title":"Program","acf":{"banner":{"hero_text":" Program","cta":"<p>The team at The Pastry Academy by Amaury Guichon has designed ten-week comprehensive program incorporating all skills necessary to introduce you to the art of pastry, or expanding on your existing knowledge base and further your career, depending on your goals and experience level.</p>\n","image":{"alt_text":"red mushroom cap pastry","localFile":{"childImageSharp":{"fluid":{"src":"/static/582e857f9733ba25e05ce29a0bcafad9/5d6ef/program-hero.jpg","aspectRatio":3.6163793103448274,"srcSet":"/static/582e857f9733ba25e05ce29a0bcafad9/7a298/program-hero.jpg 1500w,\n/static/582e857f9733ba25e05ce29a0bcafad9/b8b6e/program-hero.jpg 3000w,\n/static/582e857f9733ba25e05ce29a0bcafad9/5d6ef/program-hero.jpg 4195w","sizes":"(max-width: 4195px) 100vw, 4195px"}}}}},"curriculum_overview":"<p>Your journey at The Pastry Academy will take you from the classroom to the kitchen where you will master the technical and practical skills necessary to create world class pastries, chocolates, danishes, confectionery, breads, and plated deserts.  Not only will you gain hands on practical knowledge, you will graduate with a thorough understanding of the chemistry and theory behind the art of pastry so that you can utilize your knowledge to create original desserts and take your career as far as you are willing to go.</p>\n","class_size":"16","image":{"alt_text":"ring of chocolate that has chips that look like bark","localFile":{"childImageSharp":{"fluid":{"aspectRatio":1.5027932960893855,"src":"/static/1b328cda66c5dc564e0490ccff72429e/6d7df/dc.jpg","srcSet":"/static/1b328cda66c5dc564e0490ccff72429e/1986a/dc.jpg 150w,\n/static/1b328cda66c5dc564e0490ccff72429e/eadbd/dc.jpg 300w,\n/static/1b328cda66c5dc564e0490ccff72429e/6d7df/dc.jpg 600w,\n/static/1b328cda66c5dc564e0490ccff72429e/8c3c8/dc.jpg 900w,\n/static/1b328cda66c5dc564e0490ccff72429e/fd3d6/dc.jpg 1076w","sizes":"(max-width: 600px) 100vw, 600px"}}}}}}}]}},"pageContext":{"isCreatedByStatefulCreatePages":true}}