{"data":{"allWordpressPage":{"edges":[{"node":{"acf":{"page_headding":"Photo Gallery","page_description":"<p>Take a sneak peak of what you will learn to create during your journey with us at The Pastry Academy by Amaury Guichon.</p>\n"}}}]},"allWordpressAcfPhoto":{"edges":[{"node":{"acf":{"image":{"alt_text":"mushroom pastry with red caps","localFile":{"url":"https://playground.purpleandbold.net/wp-content/uploads/2019/04/red-mushroom.jpg","childImageSharp":{"fluid":{"aspectRatio":0.6666666666666666,"src":"/static/9dfcb2e0c78e937a7f34d9ffcf431add/b4295/red-mushroom.jpg","srcSet":"/static/9dfcb2e0c78e937a7f34d9ffcf431add/f4c4f/red-mushroom.jpg 375w,\n/static/9dfcb2e0c78e937a7f34d9ffcf431add/5efd0/red-mushroom.jpg 750w,\n/static/9dfcb2e0c78e937a7f34d9ffcf431add/b4295/red-mushroom.jpg 800w","sizes":"(max-width: 800px) 100vw, 800px"}}}}}}},{"node":{"acf":{"image":{"alt_text":"compass pastry","localFile":{"url":"https://playground.purpleandbold.net/wp-content/uploads/2019/04/compass_4-1.jpg","childImageSharp":{"fluid":{"aspectRatio":0.6666666666666666,"src":"/static/1b7937f848b21a2bb24017a77c834966/b4295/compass_4-1.jpg","srcSet":"/static/1b7937f848b21a2bb24017a77c834966/f4c4f/compass_4-1.jpg 375w,\n/static/1b7937f848b21a2bb24017a77c834966/5efd0/compass_4-1.jpg 750w,\n/static/1b7937f848b21a2bb24017a77c834966/b4295/compass_4-1.jpg 800w","sizes":"(max-width: 800px) 100vw, 800px"}}}}}}},{"node":{"acf":{"image":{"alt_text":"three captain wheel pastries","localFile":{"url":"https://playground.purpleandbold.net/wp-content/uploads/2019/04/wheel-1.jpg","childImageSharp":{"fluid":{"aspectRatio":0.6666666666666666,"src":"/static/97d132a71094263c725c1c3fad287ef0/b4295/wheel-1.jpg","srcSet":"/static/97d132a71094263c725c1c3fad287ef0/f4c4f/wheel-1.jpg 375w,\n/static/97d132a71094263c725c1c3fad287ef0/5efd0/wheel-1.jpg 750w,\n/static/97d132a71094263c725c1c3fad287ef0/b4295/wheel-1.jpg 800w","sizes":"(max-width: 800px) 100vw, 800px"}}}}}}},{"node":{"acf":{"image":{"alt_text":"miniature white cakes with intricate top decoration","localFile":{"url":"https://playground.purpleandbold.net/wp-content/uploads/2019/04/mini-fio.jpg","childImageSharp":{"fluid":{"aspectRatio":0.6666666666666666,"src":"/static/0c6144d3d238a2159a6467483c91defd/b4295/mini-fio.jpg","srcSet":"/static/0c6144d3d238a2159a6467483c91defd/f4c4f/mini-fio.jpg 375w,\n/static/0c6144d3d238a2159a6467483c91defd/5efd0/mini-fio.jpg 750w,\n/static/0c6144d3d238a2159a6467483c91defd/b4295/mini-fio.jpg 800w","sizes":"(max-width: 800px) 100vw, 800px"}}}}}}},{"node":{"acf":{"image":{"alt_text":"compass pastry cut in half","localFile":{"url":"https://playground.purpleandbold.net/wp-content/uploads/2019/04/compass_3-1.jpg","childImageSharp":{"fluid":{"aspectRatio":0.6666666666666666,"src":"/static/43e5c7c031d09a0a88c7056db854b094/b4295/compass_3-1.jpg","srcSet":"/static/43e5c7c031d09a0a88c7056db854b094/f4c4f/compass_3-1.jpg 375w,\n/static/43e5c7c031d09a0a88c7056db854b094/5efd0/compass_3-1.jpg 750w,\n/static/43e5c7c031d09a0a88c7056db854b094/b4295/compass_3-1.jpg 800w","sizes":"(max-width: 800px) 100vw, 800px"}}}}}}},{"node":{"acf":{"image":{"alt_text":"apple in basket pastry","localFile":{"url":"https://playground.purpleandbold.net/wp-content/uploads/2019/04/apple_basket-1.jpg","childImageSharp":{"fluid":{"aspectRatio":0.6666666666666666,"src":"/static/da51f3ae66908986bf17584ca888c77c/b4295/apple_basket-1.jpg","srcSet":"/static/da51f3ae66908986bf17584ca888c77c/f4c4f/apple_basket-1.jpg 375w,\n/static/da51f3ae66908986bf17584ca888c77c/5efd0/apple_basket-1.jpg 750w,\n/static/da51f3ae66908986bf17584ca888c77c/b4295/apple_basket-1.jpg 800w","sizes":"(max-width: 800px) 100vw, 800px"}}}}}}},{"node":{"acf":{"image":{"alt_text":"intrictate clock pastry cut in half","localFile":{"url":"https://playground.purpleandbold.net/wp-content/uploads/2019/04/coffee_clock-1.jpg","childImageSharp":{"fluid":{"aspectRatio":0.6666666666666666,"src":"/static/c5c49eea4dc9b5abb39ebfafd8656b83/b4295/coffee_clock-1.jpg","srcSet":"/static/c5c49eea4dc9b5abb39ebfafd8656b83/f4c4f/coffee_clock-1.jpg 375w,\n/static/c5c49eea4dc9b5abb39ebfafd8656b83/5efd0/coffee_clock-1.jpg 750w,\n/static/c5c49eea4dc9b5abb39ebfafd8656b83/b4295/coffee_clock-1.jpg 800w","sizes":"(max-width: 800px) 100vw, 800px"}}}}}}},{"node":{"acf":{"image":{"alt_text":"red ring pastry decorated with gold leaf and raspberry","localFile":{"url":"https://playground.purpleandbold.net/wp-content/uploads/2019/04/ring-red.jpg","childImageSharp":{"fluid":{"aspectRatio":0.6666666666666666,"src":"/static/17d61e75701d261991b2791a9e824134/b4295/ring-red.jpg","srcSet":"/static/17d61e75701d261991b2791a9e824134/f4c4f/ring-red.jpg 375w,\n/static/17d61e75701d261991b2791a9e824134/5efd0/ring-red.jpg 750w,\n/static/17d61e75701d261991b2791a9e824134/b4295/ring-red.jpg 800w","sizes":"(max-width: 800px) 100vw, 800px"}}}}}}},{"node":{"acf":{"image":{"alt_text":"white cake with intricate top decoration","localFile":{"url":"https://playground.purpleandbold.net/wp-content/uploads/2019/04/fio-white.jpg","childImageSharp":{"fluid":{"aspectRatio":0.6666666666666666,"src":"/static/1d268a608bdef09d244b2c89d3004e9c/b4295/fio-white.jpg","srcSet":"/static/1d268a608bdef09d244b2c89d3004e9c/f4c4f/fio-white.jpg 375w,\n/static/1d268a608bdef09d244b2c89d3004e9c/5efd0/fio-white.jpg 750w,\n/static/1d268a608bdef09d244b2c89d3004e9c/b4295/fio-white.jpg 800w","sizes":"(max-width: 800px) 100vw, 800px"}}}}}}},{"node":{"acf":{"image":{"alt_text":"pastry made to look like a rose","localFile":{"url":"https://playground.purpleandbold.net/wp-content/uploads/2019/04/rose.jpg","childImageSharp":{"fluid":{"aspectRatio":0.6666666666666666,"src":"/static/1bfe9ce4dc36f948a893dddd8d84ea41/b4295/rose.jpg","srcSet":"/static/1bfe9ce4dc36f948a893dddd8d84ea41/f4c4f/rose.jpg 375w,\n/static/1bfe9ce4dc36f948a893dddd8d84ea41/5efd0/rose.jpg 750w,\n/static/1bfe9ce4dc36f948a893dddd8d84ea41/b4295/rose.jpg 800w","sizes":"(max-width: 800px) 100vw, 800px"}}}}}}},{"node":{"acf":{"image":{"alt_text":"apple ring pastry","localFile":{"url":"https://playground.purpleandbold.net/wp-content/uploads/2019/04/apple_ring-1.jpg","childImageSharp":{"fluid":{"aspectRatio":0.6666666666666666,"src":"/static/29aee4cfaf6808fe3d395b742d452579/b4295/apple_ring-1.jpg","srcSet":"/static/29aee4cfaf6808fe3d395b742d452579/f4c4f/apple_ring-1.jpg 375w,\n/static/29aee4cfaf6808fe3d395b742d452579/5efd0/apple_ring-1.jpg 750w,\n/static/29aee4cfaf6808fe3d395b742d452579/b4295/apple_ring-1.jpg 800w","sizes":"(max-width: 800px) 100vw, 800px"}}}}}}},{"node":{"acf":{"image":{"alt_text":"diver's helmet pastry","localFile":{"url":"https://playground.purpleandbold.net/wp-content/uploads/2019/04/scap.jpg","childImageSharp":{"fluid":{"aspectRatio":0.6666666666666666,"src":"/static/aa831416f5d6bfda1bf830d31c170ea2/b4295/scap.jpg","srcSet":"/static/aa831416f5d6bfda1bf830d31c170ea2/f4c4f/scap.jpg 375w,\n/static/aa831416f5d6bfda1bf830d31c170ea2/5efd0/scap.jpg 750w,\n/static/aa831416f5d6bfda1bf830d31c170ea2/b4295/scap.jpg 800w","sizes":"(max-width: 800px) 100vw, 800px"}}}}}}},{"node":{"acf":{"image":{"alt_text":"mushroom with brown cap pastry","localFile":{"url":"https://playground.purpleandbold.net/wp-content/uploads/2019/04/champi_mont_blanc-1.jpg","childImageSharp":{"fluid":{"aspectRatio":0.6666666666666666,"src":"/static/a47eb34a5bf6495417dccd717a59c1ff/b4295/champi_mont_blanc-1.jpg","srcSet":"/static/a47eb34a5bf6495417dccd717a59c1ff/f4c4f/champi_mont_blanc-1.jpg 375w,\n/static/a47eb34a5bf6495417dccd717a59c1ff/5efd0/champi_mont_blanc-1.jpg 750w,\n/static/a47eb34a5bf6495417dccd717a59c1ff/b4295/champi_mont_blanc-1.jpg 800w","sizes":"(max-width: 800px) 100vw, 800px"}}}}}}},{"node":{"acf":{"image":{"alt_text":"intricate clock pastry","localFile":{"url":"https://playground.purpleandbold.net/wp-content/uploads/2019/04/clock_2-1.jpg","childImageSharp":{"fluid":{"aspectRatio":0.6666666666666666,"src":"/static/51677ce5794807e4e5535bfe7a76179f/b4295/clock_2-1.jpg","srcSet":"/static/51677ce5794807e4e5535bfe7a76179f/f4c4f/clock_2-1.jpg 375w,\n/static/51677ce5794807e4e5535bfe7a76179f/5efd0/clock_2-1.jpg 750w,\n/static/51677ce5794807e4e5535bfe7a76179f/b4295/clock_2-1.jpg 800w","sizes":"(max-width: 800px) 100vw, 800px"}}}}}}},{"node":{"acf":{"image":{"alt_text":"intricate red and pink pastry","localFile":{"url":"https://playground.purpleandbold.net/wp-content/uploads/2019/04/red-pink.jpg","childImageSharp":{"fluid":{"aspectRatio":0.6666666666666666,"src":"/static/5135f69fc277980029d7ac1fbb1ee1a7/b4295/red-pink.jpg","srcSet":"/static/5135f69fc277980029d7ac1fbb1ee1a7/f4c4f/red-pink.jpg 375w,\n/static/5135f69fc277980029d7ac1fbb1ee1a7/5efd0/red-pink.jpg 750w,\n/static/5135f69fc277980029d7ac1fbb1ee1a7/b4295/red-pink.jpg 800w","sizes":"(max-width: 800px) 100vw, 800px"}}}}}}},{"node":{"acf":{"image":{"alt_text":"compass pastry close up","localFile":{"url":"https://playground.purpleandbold.net/wp-content/uploads/2019/04/compass-1.jpg","childImageSharp":{"fluid":{"aspectRatio":0.6666666666666666,"src":"/static/043ca6d4e9e7303cd0712303c60b5811/b4295/compass-1.jpg","srcSet":"/static/043ca6d4e9e7303cd0712303c60b5811/f4c4f/compass-1.jpg 375w,\n/static/043ca6d4e9e7303cd0712303c60b5811/5efd0/compass-1.jpg 750w,\n/static/043ca6d4e9e7303cd0712303c60b5811/b4295/compass-1.jpg 800w","sizes":"(max-width: 800px) 100vw, 800px"}}}}}}},{"node":{"acf":{"image":{"alt_text":"captain's wheel pastry cut in half","localFile":{"url":"https://playground.purpleandbold.net/wp-content/uploads/2019/04/wheel_cut-1.jpg","childImageSharp":{"fluid":{"aspectRatio":0.6666666666666666,"src":"/static/03ff048c5a217a65026d97dfcc8959e5/b4295/wheel_cut-1.jpg","srcSet":"/static/03ff048c5a217a65026d97dfcc8959e5/f4c4f/wheel_cut-1.jpg 375w,\n/static/03ff048c5a217a65026d97dfcc8959e5/5efd0/wheel_cut-1.jpg 750w,\n/static/03ff048c5a217a65026d97dfcc8959e5/b4295/wheel_cut-1.jpg 800w","sizes":"(max-width: 800px) 100vw, 800px"}}}}}}},{"node":{"acf":{"image":{"alt_text":"coconut pastry","localFile":{"url":"https://playground.purpleandbold.net/wp-content/uploads/2019/04/coconut.jpg","childImageSharp":{"fluid":{"aspectRatio":0.6666666666666666,"src":"/static/4b3f6d1a510bdd12cdc2586e7119ff6a/b4295/coconut.jpg","srcSet":"/static/4b3f6d1a510bdd12cdc2586e7119ff6a/f4c4f/coconut.jpg 375w,\n/static/4b3f6d1a510bdd12cdc2586e7119ff6a/5efd0/coconut.jpg 750w,\n/static/4b3f6d1a510bdd12cdc2586e7119ff6a/b4295/coconut.jpg 800w","sizes":"(max-width: 800px) 100vw, 800px"}}}}}}},{"node":{"acf":{"image":{"alt_text":"quail egg pastry in nest","localFile":{"url":"https://playground.purpleandbold.net/wp-content/uploads/2019/04/quail-egg.jpg","childImageSharp":{"fluid":{"aspectRatio":0.6666666666666666,"src":"/static/9e00a827b42d3388a8d8c4ad03e1ab47/b4295/quail-egg.jpg","srcSet":"/static/9e00a827b42d3388a8d8c4ad03e1ab47/f4c4f/quail-egg.jpg 375w,\n/static/9e00a827b42d3388a8d8c4ad03e1ab47/5efd0/quail-egg.jpg 750w,\n/static/9e00a827b42d3388a8d8c4ad03e1ab47/b4295/quail-egg.jpg 800w","sizes":"(max-width: 800px) 100vw, 800px"}}}}}}},{"node":{"acf":{"image":{"alt_text":"mushroom cut in half pastry","localFile":{"url":"https://playground.purpleandbold.net/wp-content/uploads/2019/04/champi_2-1.jpg","childImageSharp":{"fluid":{"aspectRatio":0.6666666666666666,"src":"/static/53cc7b81f375d3c7c1d831821871d92b/b4295/champi_2-1.jpg","srcSet":"/static/53cc7b81f375d3c7c1d831821871d92b/f4c4f/champi_2-1.jpg 375w,\n/static/53cc7b81f375d3c7c1d831821871d92b/5efd0/champi_2-1.jpg 750w,\n/static/53cc7b81f375d3c7c1d831821871d92b/b4295/champi_2-1.jpg 800w","sizes":"(max-width: 800px) 100vw, 800px"}}}}}}}]}},"pageContext":{"isCreatedByStatefulCreatePages":true}}