{"data":{"allWordpressPage":{"edges":[{"node":{"acf":{"footer":{"facebook_link":"https://www.facebook.com/thepastryacademy/","linkedin_link":"https://www.instagram.com/p/BtqrxVtHhQP/","phone_number":"702-738-0030","email":"contact@thepastryacademy.com","instagram_link":"https://www.instagram.com/pastryacademy.lasvegas/","instagram_icon":{"alt_text":"gray Instagram Logo","localFile":{"childImageSharp":{"fluid":{"aspectRatio":1,"src":"/static/8a769c3ad84e01aa5e8af173a7a07ce8/c36dc/insta_icon.jpg","srcSet":"/static/8a769c3ad84e01aa5e8af173a7a07ce8/9f599/insta_icon.jpg 25w,\n/static/8a769c3ad84e01aa5e8af173a7a07ce8/1bced/insta_icon.jpg 50w,\n/static/8a769c3ad84e01aa5e8af173a7a07ce8/c36dc/insta_icon.jpg 60w","sizes":"(max-width: 60px) 100vw, 60px"}}}},"facebook_icon":{"alt_text":"gray facebook logo","localFile":{"childImageSharp":{"fluid":{"aspectRatio":1,"src":"/static/cbdf2160b24f8a64a62aa2c9a805c0b7/c36dc/fb_icon.jpg","srcSet":"/static/cbdf2160b24f8a64a62aa2c9a805c0b7/9f599/fb_icon.jpg 25w,\n/static/cbdf2160b24f8a64a62aa2c9a805c0b7/1bced/fb_icon.jpg 50w,\n/static/cbdf2160b24f8a64a62aa2c9a805c0b7/c36dc/fb_icon.jpg 60w","sizes":"(max-width: 60px) 100vw, 60px"}}}},"linked_in_icon":{"alt_text":"gray facebook logo","localFile":{"childImageSharp":{"fluid":{"aspectRatio":1,"src":"/static/cbdf2160b24f8a64a62aa2c9a805c0b7/c36dc/fb_icon.jpg","srcSet":"/static/cbdf2160b24f8a64a62aa2c9a805c0b7/9f599/fb_icon.jpg 25w,\n/static/cbdf2160b24f8a64a62aa2c9a805c0b7/1bced/fb_icon.jpg 50w,\n/static/cbdf2160b24f8a64a62aa2c9a805c0b7/c36dc/fb_icon.jpg 60w","sizes":"(max-width: 60px) 100vw, 60px"}}}}},"site_title":"The Pastry Academy","site_sub_title":"By Amaury Guichon","main_text_logo":{"alt_text":"Text logo reading Pastry Academy in large text then under that small text that reads By amaury guichon","localFile":{"childImageSharp":{"fluid":{"aspectRatio":7.132352941176471,"src":"/static/a38fab06c30c5ad968d79917d9fc9970/26d9e/text_logo.png","srcSet":"/static/a38fab06c30c5ad968d79917d9fc9970/08283/text_logo.png 150w,\n/static/a38fab06c30c5ad968d79917d9fc9970/fbe2f/text_logo.png 300w,\n/static/a38fab06c30c5ad968d79917d9fc9970/26d9e/text_logo.png 600w,\n/static/a38fab06c30c5ad968d79917d9fc9970/224e0/text_logo.png 900w,\n/static/a38fab06c30c5ad968d79917d9fc9970/908bd/text_logo.png 970w","sizes":"(max-width: 600px) 100vw, 600px"}}}},"main_logo":{"alt_text":"the schools logo an \"a\" with a \"p\" inside of it","localFile":{"childImageSharp":{"fluid":{"aspectRatio":1.0114285714285713,"src":"/static/2e6c7deace4e09b4918379f6b65cd2c0/af1b4/PA-Monogram.png","srcSet":"/static/2e6c7deace4e09b4918379f6b65cd2c0/08283/PA-Monogram.png 150w,\n/static/2e6c7deace4e09b4918379f6b65cd2c0/fbe2f/PA-Monogram.png 300w,\n/static/2e6c7deace4e09b4918379f6b65cd2c0/af1b4/PA-Monogram.png 354w","sizes":"(max-width: 354px) 100vw, 354px"}}}}}}}]}}}